 ,,,,,,,,,,,,,
,,,,,,,,,,,,,
Ausgaben,Nebenkosten,absolute Ausgaben,Umsatz,Profit,Multiplikator,EP Verkauft/abbruch,realer Profit,realer Multiplikator,Stock Wert,,,,
"3.592,62 €","525,14 €","4.117,76 €","3.316,00 €","-801,76 €",81%,"2.003,90 €","1.312,10 €",165%,"1.579,97 €",,,,
,,,,,,,,,,,,,
,,,,, ,,,,,,,,
,,,,,,,,,,,,,
ID,Status,EP,listed am,Push,VP,verkauft am,Profit,Multiplikator,verkauft nach,Marke/Art,Typ,Grade,Supplier
8,Listed,"56,30 €",10.02.2026,"2,52 €",,,"-58,82 €",,,Balenciaga,Portmonee,B,Versitaire
9,Verkauft,"4,20 €",11.01.2026,,"9,99 €",11.01.2026,"5,79 €",238%,0,Vintage Dressing,Gürtel,C,Trade Vintage (Fleek)
10,Abbruch,"4,20 €",,,"0,00 €",,"-4,20 €",0%,,Vintage Dressing,Gürtel,C,Trade Vintage (Fleek)
11,Abbruch,"4,20 €",,,"0,00 €",,"-4,20 €",0%,,Vintage Dressing,Gürtel,C,Trade Vintage (Fleek)
12,Verkauft,"4,20 €",11.01.2026,,"6,99 €",12.01.2026,"2,79 €",166%,1,Vintage Dressing,Gürtel,C,Trade Vintage (Fleek)
13,Verkauft,"4,20 €",11.01.2026,,"6,29 €",12.01.2026,"2,09 €",150%,1,Vintage Dressing,Gürtel,C,Trade Vintage (Fleek)
14,Abbruch,"4,20 €",,,"0,00 €",,"-4,20 €",0%,,Vintage Dressing,Gürtel,C,Trade Vintage (Fleek)
15,Abbruch,"4,20 €",,,"0,00 €",,"-4,20 €",0%,,Vintage Dressing,Gürtel,C,Trade Vintage (Fleek)
16,Abbruch,"4,20 €",,,"0,00 €",,"-4,20 €",0%,,Vintage Dressing,Gürtel,C,Trade Vintage (Fleek)
17,Verkauft,"4,20 €",11.01.2026,,"6,29 €",11.01.2026,"2,09 €",150%,0,Vintage Dressing,Gürtel,C,Trade Vintage (Fleek)
18,Verkauft,"4,20 €",11.01.2026,,"6,99 €",11.01.2026,"2,79 €",166%,0,Vintage Dressing,Gürtel,C,Trade Vintage (Fleek)
19,Verkauft,"4,20 €",11.01.2026,,"6,29 €",12.01.2026,"2,09 €",150%,1,Vintage Dressing,Gürtel,C,Trade Vintage (Fleek)
20,Verkauft,"4,20 €",11.01.2026,,"6,29 €",12.01.2026,"2,09 €",150%,1,Vintage Dressing,Gürtel,C,Trade Vintage (Fleek)
21,Abbruch,"4,20 €",,,"0,00 €",,"-4,20 €",0%,,Vintage Dressing,Gürtel,C,Trade Vintage (Fleek)
22,Verkauft,"4,20 €",11.01.2026,,"6,99 €",12.01.2026,"2,79 €",166%,1,Vintage Dressing,Gürtel,C,Trade Vintage (Fleek)
23,Verkauft,"4,20 €",11.01.2026,,"14,99 €",15.01.2026,"10,79 €",357%,4,Vintage Dressing,Gürtel,C,Trade Vintage (Fleek)
25,Abbruch,"4,20 €",,,"0,00 €",,"-4,20 €",0%,,Vintage Dressing,Gürtel,C,Trade Vintage (Fleek)
26,Verkauft,"4,20 €",11.01.2026,,"9,99 €",15.01.2026,"5,79 €",238%,4,Vintage Dressing,Gürtel,C,Trade Vintage (Fleek)
27,Verkauft,"4,20 €",01.02.2026,,"12,99 €",13.02.2026,"8,79 €",309%,12,Vintage Dressing,Gürtel,C,Trade Vintage (Fleek)
28,Verkauft,"4,20 €",11.01.2026,,"9,99 €",17.01.2026,"5,79 €",238%,6,Vintage Dressing,Gürtel,C,Trade Vintage (Fleek)
29,Verkauft,"4,20 €",06.01.2026,,"9,99 €",17.01.2026,"5,79 €",238%,11,Vintage Dressing,Gürtel,C,Trade Vintage (Fleek)
30,Verkauft,"6,50 €",06.01.2026,,"9,99 €",13.01.2026,"3,49 €",154%,7,Levis,Denim,A,Vibe Vintage (Fleek)
31,Verkauft,"6,50 €",06.01.2026,,"12,99 €",11.01.2026,"6,49 €",200%,5,Levis,Denim,A,Vibe Vintage (Fleek)
32,Verkauft,"6,50 €",06.01.2026,,"8,49 €",11.01.2026,"1,99 €",131%,5,Levis,Denim,A,Vibe Vintage (Fleek)
33,Verkauft,"6,50 €",06.01.2026,,"8,49 €",13.01.2026,"1,99 €",131%,7,Levis,Denim,A,Vibe Vintage (Fleek)
34,Verkauft,"6,50 €",06.01.2026,,"8,49 €",11.01.2026,"1,99 €",131%,5,Levis,Denim,A,Vibe Vintage (Fleek)
35,Verkauft,"6,50 €",06.01.2026,,"8,49 €",14.01.2026,"1,99 €",131%,8,Levis,Denim,A,Vibe Vintage (Fleek)
36,Verkauft,"6,50 €",06.01.2026,,"9,99 €",06.01.2026,"3,49 €",154%,0,Levis,Denim,A,Vibe Vintage (Fleek)
37,Verkauft,"6,50 €",06.01.2026,,"7,64 €",11.01.2026,"1,14 €",118%,5,Levis,Denim,A,Vibe Vintage (Fleek)
38,Verkauft,"6,50 €",06.01.2026,,"7,64 €",11.01.2026,"1,14 €",118%,5,Levis,Denim,A,Vibe Vintage (Fleek)
39,Listed,"6,50 €",14.02.2026,,,,"-6,50 €",,,Levis,Denim,A,Vibe Vintage (Fleek)
41,Verkauft,"22,80 €",06.01.2026,,"45,00 €",06.01.2026,"22,20 €",197%,0,True Religon,Denim,A,Elegant Vintage (Fleek)
42,Verkauft,"22,80 €",06.01.2026,,"39,99 €",11.01.2026,"17,19 €",175%,5,True Religon,Denim,A,Elegant Vintage (Fleek)
43,Verkauft,"22,80 €",06.01.2026,"1,89 €","49,99 €",14.01.2026,"25,30 €",202%,8,True Religon,Denim,A,Elegant Vintage (Fleek)
44,Verkauft,"22,80 €",06.01.2026,,"40,00 €",06.01.2026,"17,20 €",175%,0,True Religon,Denim,A,Elegant Vintage (Fleek)
45,Verkauft,"22,80 €",06.01.2026,"1,89 €","46,00 €",12.01.2026,"21,31 €",186%,6,True Religon,Denim,A,Elegant Vintage (Fleek)
46,Verkauft,"22,80 €",06.01.2026,,"39,99 €",06.01.2026,"17,19 €",175%,0,True Religon,Denim,A,Elegant Vintage (Fleek)
47,Verkauft,"22,80 €",06.01.2026,,"32,00 €",06.01.2026,"9,20 €",140%,0,True Religon,Denim,A,Elegant Vintage (Fleek)
48,Listed,"22,80 €",11.02.2026,"1,89 €",,,"-24,69 €",,,True Religon,Denim,A,Elegant Vintage (Fleek)
49,Listed,"22,80 €",06.01.2026,"1,78 €",,,"-24,58 €",,,True Religon,Denim,A,Elegant Vintage (Fleek)
51,Listed,"7,57 €",20.01.2026,,,,"-7,57 €",,,"y2k, flared, bootcut",Denim,A,AMR Thrifty Vintage (Fleek)
52,Verkauft,"7,57 €",20.01.2026,,"19,00 €",22.01.2026,"11,43 €",251%,2,"y2k, flared, bootcut",Denim,A,AMR Thrifty Vintage (Fleek)
53,Listed,"7,57 €",20.01.2026,,,,"-7,57 €",,,"y2k, flared, bootcut",Denim,A,AMR Thrifty Vintage (Fleek)
54,Listed,"7,57 €",20.01.2026,,,,"-7,57 €",,,"y2k, flared, bootcut",Denim,A,AMR Thrifty Vintage (Fleek)
55,Verkauft,"7,57 €",01.02.2026,,"14,99 €",05.03.2026,"7,42 €",198%,32,"y2k, flared, bootcut",Denim,A,AMR Thrifty Vintage (Fleek)
56,Listed,"7,57 €",01.02.2026,,,,"-7,57 €",,,"y2k, flared, bootcut",Denim,A,AMR Thrifty Vintage (Fleek)
57,Listed,"7,57 €",01.02.2026,,,,"-7,57 €",,,"y2k, flared, bootcut",Denim,A,AMR Thrifty Vintage (Fleek)
58,Listed,"7,57 €",01.02.2026,,,,"-7,57 €",,,"y2k, flared, bootcut",Denim,A,AMR Thrifty Vintage (Fleek)
59,Verkauft,"7,57 €",01.02.2026,,"17,99 €",02.02.2026,"10,42 €",238%,1,"y2k, flared, bootcut",Denim,A,AMR Thrifty Vintage (Fleek)
60,Verkauft,"7,57 €",16.02.2026,,"19,99 €",16.02.2026,"12,42 €",264%,0,"y2k, flared, bootcut",Denim,A,AMR Thrifty Vintage (Fleek)
61,Listed,"7,57 €",11.02.2026,,,,"-7,57 €",,,"y2k, flared, bootcut",Denim,A,AMR Thrifty Vintage (Fleek)
62,Verkauft,"52,43 €",27.01.2026,"16,07 €","79,00 €",30.01.2026,"10,51 €",115%,3,Asap Rocky,Vinyl,A,anders
63,Verkauft,"52,43 €",01.02.2026,"12,00 €","75,00 €",07.02.2026,"10,58 €",116%,6,Asap Rocky,Vinyl,A,anders
64,Listed,"12,51 €",22.02.2026,,,,"-12,51 €",,,True Religon,Denim,A,Vintage Bliss (Fleek)
65,Listed,"12,51 €",11.02.2026,,,,"-12,51 €",,,True Religon,Denim,A,Vintage Bliss (Fleek)
66,Verkauft,"12,51 €",11.02.2026,,"19,99 €",10.03.2026,"7,48 €",160%,27,True Religon,Denim,A,Vintage Bliss (Fleek)
67,Listed,"12,51 €",11.02.2026,,,,"-12,51 €",,,True Religon,Denim,A,Vintage Bliss (Fleek)
68,Verkauft,"12,51 €",11.02.2026,,"17,99 €",16.02.2026,"5,48 €",144%,5,True Religon,Denim,A,Vintage Bliss (Fleek)
69,Verkauft,"12,51 €",11.02.2026,,"23,50 €",14.02.2026,"10,99 €",188%,3,True Religon,Denim,C,Vintage Bliss (Fleek)
70,Verkauft,"12,51 €",16.02.2026,,"28,99 €",16.02.2026,"16,48 €",232%,0,True Religon,Denim,B,Vintage Bliss (Fleek)
71,Listed,"12,51 €",23.02.2026,,,,"-12,51 €",,,True Religon,Denim,A,Vintage Bliss (Fleek)
72,Listed,"12,51 €",10.02.2026,,,,"-12,51 €",,,True Religon,Denim,A,Vintage Bliss (Fleek)
73,Verkauft,"12,51 €",16.02.2026,,"23,50 €",16.02.2026,"10,99 €",188%,0,True Religon,Denim,A,Vintage Bliss (Fleek)
74,Listed,"12,51 €",22.02.2026,,,,"-12,51 €",,,True Religon,Denim,A,Vintage Bliss (Fleek)
75,Verkauft,"12,51 €",16.02.2026,,"22,00 €",25.02.2026,"9,49 €",176%,9,True Religon,Denim,C,Vintage Bliss (Fleek)
76,Verkauft,"12,51 €",22.02.2026,,"14,99 €",23.02.2026,"2,48 €",120%,1,True Religon,Denim,A,Vintage Bliss (Fleek)
77,Listed,"12,51 €",22.02.2026,,,,"-12,51 €",,,True Religon,Denim,A,Vintage Bliss (Fleek)
78,Verkauft,"12,51 €",10.02.2026,,"22,00 €",27.02.2026,"9,49 €",176%,17,True Religon,Denim,C,Vintage Bliss (Fleek)
79,Verkauft,"12,51 €",23.02.2026,,"27,99 €",23.02.2026,"15,48 €",224%,0,True Religon,Denim,C,Vintage Bliss (Fleek)
80,Listed,"12,51 €",24.02.2026,,,,"-12,51 €",,,True Religon,Denim,A,Vintage Bliss (Fleek)
81,Listed,"12,51 €",23.02.2026,,,,"-12,51 €",,,True Religon,Denim,A,Vintage Bliss (Fleek)
82,Verkauft,"12,51 €",22.02.2026,,"17,24 €",23.02.2026,"4,73 €",138%,1,True Religon,Denim,B,Vintage Bliss (Fleek)
83,Verkauft,"12,51 €",23.02.2026,,"19,99 €",23.02.2026,"7,48 €",160%,0,True Religon,Denim,A,Vintage Bliss (Fleek)
85,Verkauft,"18,16 €",10.02.2026,,"42,99 €",02.04.2026,"24,83 €",237%,51,True Religon,Denim,A,Diamond Vintage (Fleek)
86,Verkauft,"18,16 €",10.02.2026,,"19,99 €",28.02.2026,"1,83 €",110%,18,True Religon,Denim,A,Diamond Vintage (Fleek)
87,Listed,"18,16 €",23.02.2026,,,,"-18,16 €",,,True Religon,Denim,A,Diamond Vintage (Fleek)
88,Verkauft,"18,16 €",03.02.2026,,"35,00 €",03.02.2026,"16,84 €",193%,0,"True Religon, flared",Denim,A,Diamond Vintage (Fleek)
89,Verkauft,"18,16 €",02.02.2026,,"39,99 €",28.02.2026,"21,83 €",220%,26,True Religon,Denim,A,Diamond Vintage (Fleek)
90,Verkauft,"18,16 €",02.02.2026,,"29,99 €",19.02.2026,"11,83 €",165%,17,True Religon,Denim,A,Diamond Vintage (Fleek)
91,Listed,"18,16 €",02.02.2026,,,,"-18,16 €",,,True Religon,Denim,A,Diamond Vintage (Fleek)
92,Listed,"18,16 €",02.02.2026,,,,"-18,16 €",,,True Religon,Denim,A,Diamond Vintage (Fleek)
93,Listed,"18,16 €",02.02.2026,,,,"-18,16 €",,,True Religon,Denim,A,Diamond Vintage (Fleek)
94,Verkauft,"18,16 €",10.02.2026,,"26,50 €",19.02.2026,"8,34 €",146%,9,True Religon,Denim,A,Diamond Vintage (Fleek)
95,Verkauft,"18,16 €",10.02.2026,,"19,79 €",16.02.2026,"1,63 €",109%,6,True Religon,Denim,A,Diamond Vintage (Fleek)
96,Verkauft,"12,76 €",05.02.2026,,"20,50 €",05.02.2026,"7,74 €",161%,0,Miss Me,Denim,A,AMR Thrifty Vintage (Fleek)
97,Verkauft,"12,76 €",05.02.2026,,"23,50 €",05.02.2026,"10,74 €",184%,0,"Miss Me, verziehrt",Denim,A,AMR Thrifty Vintage (Fleek)
98,Verkauft,"12,76 €",05.02.2026,,"19,99 €",05.02.2026,"7,23 €",157%,0,"Miss Me, verziehrt",Denim,C,AMR Thrifty Vintage (Fleek)
100,Verkauft,"12,76 €",03.02.2026,,"20,69 €",16.02.2026,"7,93 €",162%,13,Miss Me,Denim,B,AMR Thrifty Vintage (Fleek)
101,Verkauft,"12,76 €",03.02.2026,,"34,99 €",03.02.2026,"22,23 €",274%,0,"Miss Me, verziehrt, flared",Denim,A,AMR Thrifty Vintage (Fleek)
102,Verkauft,"12,76 €",03.02.2026,,"14,99 €",23.02.2026,"2,23 €",117%,20,Rock Revival,Denim,A,AMR Thrifty Vintage (Fleek)
103,Listed,"12,76 €",03.02.2026,,,,"-12,76 €",,,"Miss Me, verziehrt",Denim,A,AMR Thrifty Vintage (Fleek)
104,Verkauft,"12,76 €",03.02.2026,,"29,99 €",03.02.2026,"17,23 €",235%,0,"Rock Revival, flared",Denim,A,AMR Thrifty Vintage (Fleek)
105,Verkauft,"12,76 €",05.02.2026,,"34,00 €",05.02.2026,"21,24 €",266%,0,"Miss Me, verziehrt",Denim,A,AMR Thrifty Vintage (Fleek)
106,Verkauft,"12,76 €",16.02.2026,,"22,49 €",16.02.2026,"9,73 €",176%,0,Miss Me,Denim,A,AMR Thrifty Vintage (Fleek)
107,Verkauft,"12,76 €",03.02.2026,,"29,99 €",05.02.2026,"17,23 €",235%,2,"Miss Me, flared",Denim,A,AMR Thrifty Vintage (Fleek)
108,Verkauft,"12,76 €",23.02.2026,,"29,99 €",16.03.2026,"17,23 €",235%,21,,Denim,A,AMR Thrifty Vintage (Fleek)
109,Verkauft,"12,76 €",05.02.2026,,"33,00 €",05.02.2026,"20,24 €",259%,0,"Miss Me, flared",Denim,A,AMR Thrifty Vintage (Fleek)
110,Verkauft,"12,76 €",22.02.2026,,"25,00 €",22.02.2026,"12,24 €",196%,0,True Religon,Denim,A,AMR Thrifty Vintage (Fleek)
111,Verkauft,"12,76 €",22.02.2026,,"18,74 €",23.02.2026,"5,98 €",147%,1,Miss Me,Denim,A,AMR Thrifty Vintage (Fleek)
112,Verkauft,"12,76 €",22.02.2026,,"15,50 €",20.03.2026,"2,74 €",121%,26,True Religon,Denim,A,AMR Thrifty Vintage (Fleek)
113,Verkauft,"12,76 €",05.02.2026,,"20,50 €",05.02.2026,"7,74 €",161%,0,True Religon,Denim,A,AMR Thrifty Vintage (Fleek)
114,Verkauft,"12,76 €",05.02.2026,,"20,00 €",01.03.2026,"7,24 €",157%,24,"True Religon, verziehrt",Denim,C,AMR Thrifty Vintage (Fleek)
115,Verkauft,"12,76 €",05.02.2026,,"34,99 €",05.02.2026,"22,23 €",274%,0,True Religon,Denim,A,AMR Thrifty Vintage (Fleek)
116,Listed,"12,76 €",23.02.2026,,,,"-12,76 €",,,True Religon,Denim,A,AMR Thrifty Vintage (Fleek)
117,Listed,"12,76 €",23.02.2026,,,,"-12,76 €",,,True Religon,Denim,A,AMR Thrifty Vintage (Fleek)
118,Verkauft,"12,76 €",23.02.2026,,"21,99 €",20.03.2026,"9,23 €",172%,25,True Religon,Denim,A,AMR Thrifty Vintage (Fleek)
119,Listed,"12,76 €",24.02.2026,,,,"-12,76 €",,,True Religon,Denim,A,AMR Thrifty Vintage (Fleek)
120,Verkauft,"12,76 €",24.02.2026,,"23,74 €",13.03.2026,"10,98 €",186%,17,True Religon,Denim,B,AMR Thrifty Vintage (Fleek)
121,Verkauft,"12,76 €",05.02.2026,,"35,99 €",05.02.2026,"23,23 €",282%,0,True Religon,Denim,A,AMR Thrifty Vintage (Fleek)
122,Listed,"12,76 €",24.02.2026,,,,"-12,76 €",,,True Religon,Denim,A,AMR Thrifty Vintage (Fleek)
"122,2",Listed,"12,76 €",24.02.2026,,,,"-12,76 €",,,True Religon,Denim,C,AMR Thrifty Vintage (Fleek)
123,Listed,"12,76 €",24.02.2026,,,,"-12,76 €",,,,Denim,A,AMR Thrifty Vintage (Fleek)
124,Verkauft,"12,76 €",05.02.2026,,"35,99 €",05.02.2026,"23,23 €",282%,0,True Religon,Denim,A,AMR Thrifty Vintage (Fleek)
125,Verkauft,"12,76 €",24.02.2026,,"22,99 €",28.02.2026,"10,23 €",180%,4,,Denim,A,AMR Thrifty Vintage (Fleek)
126,Verkauft,"12,76 €",22.02.2026,,"18,74 €",23.02.2026,"5,98 €",147%,1,True Religon,Denim,A,AMR Thrifty Vintage (Fleek)
129,Verkauft,"11,55 €",06.02.2026,,"23,74 €",13.03.2026,"12,19 €",206%,35,realtree,Hose anders,B,Vintage Bliss (Fleek)
130,Listed,"11,55 €",06.02.2026,,,,"-11,55 €",,,realtree,Hose anders,B,Vintage Bliss (Fleek)
131,Verkauft,"11,55 €",06.02.2026,,"19,99 €",16.02.2026,"8,44 €",173%,10,realtree,Hose anders,B,Vintage Bliss (Fleek)
132,Verkauft,"11,55 €",06.02.2026,,"19,99 €",10.02.2026,"8,44 €",173%,4,realtree,Hose anders,B,Vintage Bliss (Fleek)
133,Verkauft,"11,55 €",06.02.2026,,"21,00 €",13.02.2026,"9,45 €",182%,7,realtree,Hose anders,B,Vintage Bliss (Fleek)
134,Verkauft,"11,55 €",12.03.2026,,"18,00 €",22.03.2026,"6,45 €",156%,10,realtree,Hose anders,B,Vintage Bliss (Fleek)
135,Verkauft,"11,55 €",20.03.2026,"2,39 €","21,00 €",21.03.2026,"7,06 €",151%,1,realtree,Hose anders,B,Vintage Bliss (Fleek)
136,Verkauft,"11,55 €",06.02.2026,,"15,99 €",31.03.2026,"4,44 €",138%,53,realtree,Hose anders,B,Vintage Bliss (Fleek)
137,Verkauft,"31,90 €",27.01.2026,"15,11 €","60,00 €",29.01.2026,"12,99 €",128%,2,Asap Rocky,Vinyl,A,anders
139,Verkauft,"11,39 €",21.02.2026,,"34,99 €",23.02.2026,"23,60 €",307%,2,"flared, Japan Style",Denim,B,Retro thrift store (Fleek)
140,Listed,"11,39 €",21.02.2026,,,,"-11,39 €",,,"flared, Japan Style",Denim,A,Retro thrift store (Fleek)
141,Listed,"11,39 €",21.02.2026,,,,"-11,39 €",,,"flared, Japan Style",Denim,A,Retro thrift store (Fleek)
142,Listed,"11,39 €",21.02.2026,,,,"-11,39 €",,,"flared, Japan Style",Denim,A,Retro thrift store (Fleek)
143,Listed,"11,39 €",22.02.2026,,,,"-11,39 €",,,"flared, Japan Style",Denim,A,Retro thrift store (Fleek)
144,Verkauft,"11,39 €",22.02.2026,,"19,99 €",22.02.2026,"8,60 €",176%,0,"flared, Japan Style",Denim,A,Retro thrift store (Fleek)
145,Verkauft,"11,39 €",22.02.2026,,"24,99 €",28.02.2026,"13,60 €",219%,6,"flared, Japan Style",Denim,A,Retro thrift store (Fleek)
146,Verkauft,"11,39 €",22.02.2026,,"24,99 €",08.03.2026,"13,60 €",219%,14,"flared, Japan Style",Denim,B,Retro thrift store (Fleek)
147,Listed,"11,39 €",22.02.2026,,,,"-11,39 €",,,"flared, Japan Style",Denim,A,Retro thrift store (Fleek)
148,Listed,"11,39 €",16.02.2026,,,,"-11,39 €",,,"flared, Japan Style",Denim,A,Creed Vintage (Fleek)
149,Verkauft,"11,39 €",16.02.2026,,"24,00 €",16.02.2026,"12,61 €",211%,0,"flared, Japan Style",Denim,B,Creed Vintage (Fleek)
150,Verkauft,"11,39 €",25.02.2026,,"25,50 €",20.03.2026,"14,11 €",224%,23,"flared, Japan Style",Denim,A,Creed Vintage (Fleek)
151,Listed,"11,39 €",25.02.2026,,,,"-11,39 €",,,"flared, Japan Style",Denim,A,Creed Vintage (Fleek)
152,Verkauft,"11,39 €",25.02.2026,,"23,00 €",02.03.2026,"11,61 €",202%,5,"flared, Japan Style",Denim,A,Creed Vintage (Fleek)
153,Listed,"11,39 €",25.02.2026,,,,"-11,39 €",,,"flared, Japan Style",Denim,A,Creed Vintage (Fleek)
154,Verkauft,"11,39 €",25.02.2026,,"27,00 €",14.03.2026,"15,61 €",237%,17,"flared, Japan Style",Denim,A,Creed Vintage (Fleek)
155,Verkauft,"11,39 €",25.02.2026,,"21,00 €",01.03.2026,"9,61 €",184%,4,"flared, Japan Style",Denim,A,Creed Vintage (Fleek)
156,Listed,"11,39 €",27.02.2026,,,,"-11,39 €",,,"flared, Japan Style",Denim,A,Creed Vintage (Fleek)
157,Listed,"11,39 €",27.02.2026,,,,"-11,39 €",,,"flared, Japan Style",Denim,A,Creed Vintage (Fleek)
158,Verkauft,"11,39 €",27.02.2026,,"21,99 €",27.02.2026,"10,60 €",193%,0,"flared, Japan Style",Denim,A,Creed Vintage (Fleek)
159,Listed,"11,39 €",27.02.2026,,,,"-11,39 €",,,"flared, Japan Style",Denim,A,Creed Vintage (Fleek)
160,Listed,"11,39 €",27.02.2026,,,,"-11,39 €",,,"flared, Japan Style",Denim,A,Creed Vintage (Fleek)
161,Verkauft,"11,39 €",27.02.2026,,"21,99 €",28.02.2026,"10,60 €",193%,1,"flared, Japan Style",Denim,A,Creed Vintage (Fleek)
162,Verkauft,"11,39 €",27.02.2026,,"25,00 €",28.02.2026,"13,61 €",219%,1,"flared, Japan Style",Denim,A,Creed Vintage (Fleek)
163,Listed,"11,39 €",27.02.2026,,,,"-11,39 €",,,"flared, Japan Style",Denim,A,Creed Vintage (Fleek)
164,Verkauft,"11,39 €",01.03.2026,,"23,50 €",05.03.2026,"12,11 €",206%,4,"flared, Japan Style",Denim,A,Creed Vintage (Fleek)
165,Listed,"11,39 €",01.03.2026,,,,"-11,39 €",,,"flared, Japan Style",Denim,A,Creed Vintage (Fleek)
166,Listed,"11,39 €",01.03.2026,,,,"-11,39 €",,,"flared, Japan Style",Denim,A,Creed Vintage (Fleek)
167,Listed,"11,39 €",01.03.2026,,,,"-11,39 €",,,"flared, Japan Style",Denim,A,Creed Vintage (Fleek)
168,Listed,"11,39 €",01.03.2026,,,,"-11,39 €",,,"flared, Japan Style",Denim,A,Creed Vintage (Fleek)
169,Verkauft,"11,39 €",01.03.2026,,"21,00 €",02.03.2026,"9,61 €",184%,1,"flared, Japan Style",Denim,A,Creed Vintage (Fleek)
170,Verkauft,"11,39 €",03.03.2026,,"18,99 €",04.03.2026,"7,60 €",167%,1,"flared, Japan Style",Denim,A,Creed Vintage (Fleek)
171,Verkauft,"11,39 €",03.03.2026,,"19,99 €",03.03.2026,"8,60 €",176%,0,"flared, Japan Style",Denim,A,Creed Vintage (Fleek)
172,Listed,"11,39 €",03.03.2026,,,,"-11,39 €",,,"flared, Japan Style",Denim,A,Creed Vintage (Fleek)
173,Verkauft,"11,39 €",03.03.2026,,"14,99 €",03.03.2026,"3,60 €",132%,0,"flared, Japan Style",Denim,A,RVG Loop (Fleek)
174,Verkauft,"11,39 €",03.03.2026,,"22,99 €",06.03.2026,"11,60 €",202%,3,"flared, Japan Style",Denim,A,Fabtex Vintage (Fleek)
175,Verkauft,"11,39 €",03.03.2026,,"22,99 €",06.03.2026,"11,60 €",202%,3,"flared, Japan Style",Denim,A,Fabtex Vintage (Fleek)
176,Listed,"11,39 €",03.03.2026,,,,"-11,39 €",,,"flared, Japan Style",Denim,A,Fabtex Vintage (Fleek)
177,Verkauft,"11,39 €",04.03.2026,,"20,99 €",05.03.2026,"9,60 €",184%,1,"flared, Japan Style",Denim,A,Fabtex Vintage (Fleek)
178,Listed,"11,39 €",04.03.2026,,,,"-11,39 €",,,"flared, Japan Style",Denim,A,Fabtex Vintage (Fleek)
179,Verkauft,"14,11 €",03.03.2026,,"28,99 €",22.03.2026,"14,88 €",205%,19,"flared, Japan Style",Denim,A,TheVintageLux (Fleek)
180,Listed,"14,11 €",03.03.2026,,,,"-14,11 €",,,"flared, Japan Style",Denim,A,IR Thrifty Vintage (Fleek)
181,Listed,"14,11 €",03.03.2026,,,,"-14,11 €",,,"flared, Japan Style",Denim,A,IR Thrifty Vintage (Fleek)
182,Listed,"14,11 €",03.03.2026,,,,"-14,11 €",,,"flared, Japan Style",Denim,A,IR Thrifty Vintage (Fleek)
183,Verkauft,"14,11 €",03.03.2026,,"24,99 €",04.03.2026,"10,88 €",177%,1,Levis,Denim,A,IR Thrifty Vintage (Fleek)
184,Listed,"14,11 €",03.03.2026,,,,"-14,11 €",,,"flared, Japan Style",Denim,A,IR Thrifty Vintage (Fleek)
185,Verkauft,"14,11 €",03.03.2026,,"24,99 €",08.03.2026,"10,88 €",177%,5,"flared, Japan Style",Denim,A,IR Thrifty Vintage (Fleek)
186,Listed,"14,11 €",03.03.2026,,,,"-14,11 €",,,"flared, Japan Style",Denim,A,IR Thrifty Vintage (Fleek)
187,Verkauft,"14,11 €",03.03.2026,,"24,11 €",03.03.2026,"10,00 €",171%,0,"flared, Japan Style",Denim,A,IR Thrifty Vintage (Fleek)
188,Listed,"14,11 €",03.03.2026,,,,"-14,11 €",,,"flared, Japan Style",Denim,A,IR Thrifty Vintage (Fleek)
189,Verkauft,"14,11 €",09.03.2026,,"19,99 €",09.03.2026,"5,88 €",142%,0,"flared, Japan Style",Denim,A,Retroesthetic (Fleek)
190,Verkauft,"14,11 €",09.03.2026,,"19,99 €",13.03.2026,"5,88 €",142%,4,"flared, Japan Style",Denim,A,Retroesthetic (Fleek)
191,Listed,"14,11 €",13.03.2026,,,,"-14,11 €",,,"flared, Japan Style",Denim,A,vintage libary (Fleek)
192,Listed,"14,11 €",05.03.2026,,,,"-14,11 €",,,"flared, Japan Style",Denim,A,vintage libary (Fleek)
193,Listed,"14,11 €",05.03.2026,,,,"-14,11 €",,,"flared, Japan Style",Denim,A,vintage libary (Fleek)
194,Verkauft,"14,11 €",06.03.2026,,"23,00 €",06.03.2026,"8,89 €",163%,0,"flared, Japan Style",Denim,A,vintage libary (Fleek)
195,Verkauft,"14,11 €",09.03.2026,,"19,99 €",23.03.2026,"5,88 €",142%,14,"flared, Japan Style",Denim,A,Italian Dream (Fleek)
196,Verkauft,"65,00 €",21.02.2026,,"70,00 €",24.02.2026,"5,00 €",108%,3,Baby Keem,Ticket,,
197,Verkauft,"65,00 €",21.02.2026,,"94,00 €",21.03.2026,"29,00 €",145%,28,Baby Keem,Ticket,,
199,Listed,"30,20 €",22.03.2026,,,,"-30,20 €",,,True Religon,Denim,A,Creed Vintage (Fleek)
200,Verkauft,"30,20 €",22.03.2026,,"39,99 €",23.03.2026,"9,79 €",132%,1,True Religon,Denim,A,Creed Vintage (Fleek)
201,Verkauft,"30,20 €",30.03.2026,,"46,00 €",31.03.2026,"15,80 €",152%,1,True Religon,Denim,A,Creed Vintage (Fleek)
202,Verkauft,"30,20 €",30.03.2026,,"49,99 €",30.03.2026,"19,79 €",166%,0,True Religon,Denim,A,Creed Vintage (Fleek)
203,Listed,"30,20 €",30.03.2026,,,,"-30,20 €",,,True Religon,Denim,A,Creed Vintage (Fleek)
204,Verkauft,"30,20 €",30.03.2026,,"39,99 €",30.03.2026,"9,79 €",132%,0,True Religon,Denim,A,Creed Vintage (Fleek)
205,Verkauft,"30,20 €",30.03.2026,,"37,99 €",30.03.2026,"7,79 €",126%,0,True Religon,Denim,A,Creed Vintage (Fleek)
206,Verkauft,"30,20 €",30.03.2026,,"44,99 €",31.03.2026,"14,79 €",149%,1,True Religon,Denim,A,Creed Vintage (Fleek)
207,Verkauft,"30,20 €",30.03.2026,,"49,99 €",01.04.2026,"19,79 €",166%,2,True Religon,Denim,A,Creed Vintage (Fleek)
208,Listed,"30,20 €",31.03.2026,,,,"-30,20 €",,,True Religon,Denim,A,Creed Vintage (Fleek)
209,Verkauft,"30,20 €",31.03.2026,,"42,50 €",31.03.2026,"12,30 €",141%,0,True Religon,Denim,A,Creed Vintage (Fleek)
210,Verkauft,"30,20 €",01.04.2026,,"39,00 €",02.04.2026,"8,80 €",129%,1,True Religon,Denim,A,Creed Vintage (Fleek)
211,Verkauft,"30,20 €",31.03.2026,,"49,99 €",01.04.2026,"19,79 €",166%,1,True Religon,Denim,A,Creed Vintage (Fleek)
212,Listed,"30,20 €",31.03.2026,,,,"-30,20 €",,,True Religon,Denim,A,Creed Vintage (Fleek)
213,Listed,"30,20 €",31.03.2026,"2,56 €",,,"-32,76 €",,,True Religon,Denim,A,Creed Vintage (Fleek)
214,Ausstehend,"8,71 €",,,,,"-8,71 €",,,"y2k, flared",Denim,A,5th Era Thrift (Fleek)
215,Ausstehend,"8,71 €",,,,,"-8,71 €",,,"y2k, flared",Denim,A,5th Era Thrift (Fleek)
216,Ausstehend,"8,71 €",,,,,"-8,71 €",,,"y2k, flared",Denim,A,5th Era Thrift (Fleek)
217,Ausstehend,"8,71 €",,,,,"-8,71 €",,,"y2k, flared",Denim,A,5th Era Thrift (Fleek)
218,Ausstehend,"8,71 €",,,,,"-8,71 €",,,"y2k, flared",Denim,A,5th Era Thrift (Fleek)
219,Ausstehend,"8,71 €",,,,,"-8,71 €",,,"y2k, flared",Denim,A,5th Era Thrift (Fleek)
220,Ausstehend,"8,71 €",,,,,"-8,71 €",,,"y2k, flared",Denim,A,5th Era Thrift (Fleek)
221,Ausstehend,"8,71 €",,,,,"-8,71 €",,,"y2k, flared",Denim,A,5th Era Thrift (Fleek)
222,Ausstehend,"8,71 €",,,,,"-8,71 €",,,"y2k, flared",Denim,A,5th Era Thrift (Fleek)
223,Ausstehend,"8,71 €",,,,,"-8,71 €",,,"y2k, flared",Denim,A,5th Era Thrift (Fleek)
224,Ausstehend,"8,71 €",,,,,"-8,71 €",,,"y2k, flared",Denim,A,5th Era Thrift (Fleek)
225,Ausstehend,"8,71 €",,,,,"-8,71 €",,,"y2k, flared",Denim,A,5th Era Thrift (Fleek)
226,Ausstehend,"8,71 €",,,,,"-8,71 €",,,"y2k, flared",Denim,A,5th Era Thrift (Fleek)
227,Ausstehend,"8,71 €",,,,,"-8,71 €",,,"y2k, flared",Denim,A,5th Era Thrift (Fleek)
228,Ausstehend,"8,71 €",,,,,"-8,71 €",,,"y2k, flared",Denim,A,5th Era Thrift (Fleek)
229,Ausstehend,"8,71 €",,,,,"-8,71 €",,,"y2k, flared",Denim,A,5th Era Thrift (Fleek)
230,Ausstehend,"8,71 €",,,,,"-8,71 €",,,"y2k, flared",Denim,A,5th Era Thrift (Fleek)
231,Ausstehend,"8,71 €",,,,,"-8,71 €",,,"y2k, flared",Denim,A,5th Era Thrift (Fleek)
232,Ausstehend,"8,71 €",,,,,"-8,71 €",,,"y2k, flared",Denim,A,5th Era Thrift (Fleek)
233,Ausstehend,"8,71 €",,,,,"-8,71 €",,,"y2k, flared",Denim,A,5th Era Thrift (Fleek)
234,Ausstehend,"8,71 €",,,,,"-8,71 €",,,"y2k, flared",Denim,A,5th Era Thrift (Fleek)
235,Ausstehend,"8,71 €",,,,,"-8,71 €",,,"y2k, flared",Denim,A,5th Era Thrift (Fleek)
236,Ausstehend,"8,71 €",,,,,"-8,71 €",,,"y2k, flared",Denim,A,5th Era Thrift (Fleek)
237,Ausstehend,"8,71 €",,,,,"-8,71 €",,,"y2k, flared",Denim,A,5th Era Thrift (Fleek)
238,Ausstehend,"8,71 €",,,,,"-8,71 €",,,"y2k, flared",Denim,A,5th Era Thrift (Fleek)
239,Ausstehend,"8,71 €",,,,,"-8,71 €",,,"y2k, flared",Denim,A,5th Era Thrift (Fleek)
240,Ausstehend,"8,71 €",,,,,"-8,71 €",,,"y2k, flared",Denim,A,5th Era Thrift (Fleek)
241,Ausstehend,"8,71 €",,,,,"-8,71 €",,,"y2k, flared",Denim,A,5th Era Thrift (Fleek)
242,Ausstehend,"8,71 €",,,,,"-8,71 €",,,"y2k, flared",Denim,A,5th Era Thrift (Fleek)
243,Ausstehend,"8,71 €",,,,,"-8,71 €",,,"y2k, flared",Denim,A,5th Era Thrift (Fleek)
244,Verkauft,"30,45 €",31.03.2026,,"44,99 €",31.03.2026,"14,54 €",148%,0,True Religon,Denim,A,Creed Vintage (Fleek)
245,Listed,"30,45 €",31.03.2026,,,,"-30,45 €",,,True Religon,Denim,A,Creed Vintage (Fleek)
246,Listed,"30,45 €",31.03.2026,,,,"-30,45 €",,,True Religon,Denim,A,Creed Vintage (Fleek)
247,Listed,"30,45 €",01.04.2026,,,,"-30,45 €",,,True Religon,Denim,A,Creed Vintage (Fleek)
248,Listed,"30,45 €",01.04.2026,,,,"-30,45 €",,,True Religon,Denim,A,Creed Vintage (Fleek)
249,Listed,"30,45 €",01.04.2026,,,,"-30,45 €",,,True Religon,Denim,A,Creed Vintage (Fleek)
250,Verkauft,"30,45 €",01.04.2026,,"45,00 €",02.04.2026,"14,55 €",148%,1,True Religon,Denim,A,Creed Vintage (Fleek)
251,Ausstehend,"30,45 €",,,,,"-30,45 €",,,True Religon,Denim,A,Creed Vintage (Fleek)
252,Ausstehend,"30,45 €",,,,,"-30,45 €",,,True Religon,Denim,A,Creed Vintage (Fleek)
253,Ausstehend,"30,45 €",,,,,"-30,45 €",,,True Religon,Denim,A,Creed Vintage (Fleek)
254,Ausstehend,"30,45 €",,,,,"-30,45 €",,,True Religon,Denim,A,Creed Vintage (Fleek)
255,Ausstehend,"30,45 €",,,,,"-30,45 €",,,True Religon,Denim,A,Creed Vintage (Fleek)
256,Ausstehend,"30,45 €",,,,,"-30,45 €",,,True Religon,Denim,A,Creed Vintage (Fleek)
257,Ausstehend,"30,45 €",,,,,"-30,45 €",,,True Religon,Denim,A,Creed Vintage (Fleek)
258,,,,,,,"0,00 €",,,,,A,
259,,,,,,,"0,00 €",,,,,A,
260,,,,,,,"0,00 €",,,,,A,
261,,,,,,,"0,00 €",,,,,A,
262,,,,,,,"0,00 €",,,,,A,
263,,,,,,,"0,00 €",,,,,A,
264,,,,,,,"0,00 €",,,,,A,
265,,,,,,,"0,00 €",,,,,A,
266,,,,,,,"0,00 €",,,,,A,
267,,,,,,,"0,00 €",,,,,A,
268,,,,,,,"0,00 €",,,,,A,
269,,,,,,,"0,00 €",,,,,A,
270,,,,,,,"0,00 €",,,,,A,
271,,,,,,,"0,00 €",,,,,A,
272,,,,,,,"0,00 €",,,,,A,
273,,,,,,,"0,00 €",,,,,A,
274,,,,,,,"0,00 €",,,,,A,
275,,,,,,,"0,00 €",,,,,A,
276,,,,,,,"0,00 €",,,,,A,
277,,,,,,,"0,00 €",,,,,A,
278,,,,,,,"0,00 €",,,,,A,
279,,,,,,,"0,00 €",,,,,A,
280,,,,,,,"0,00 €",,,,,A,
281,,,,,,,"0,00 €",,,,,A,
282,,,,,,,"0,00 €",,,,,A,
283,,,,,,,"0,00 €",,,,,A,
284,,,,,,,"0,00 €",,,,,A,
285,,,,,,,"0,00 €",,,,,A,
286,,,,,,,"0,00 €",,,,,A,
287,,,,,,,"0,00 €",,,,,A,
288,,,,,,,"0,00 €",,,,,A,
289,,,,,,,"0,00 €",,,,,A,
290,,,,,,,"0,00 €",,,,,A,
291,,,,,,,"0,00 €",,,,,A,
292,,,,,,,"0,00 €",,,,,A,
293,,,,,,,"0,00 €",,,,,A,
294,,,,,,,"0,00 €",,,,,A,
295,,,,,,,"0,00 €",,,,,A,
296,,,,,,,"0,00 €",,,,,A,
297,,,,,,,"0,00 €",,,,,A,
298,,,,,,,"0,00 €",,,,,A,
299,,,,,,,"0,00 €",,,,,A,
300,,,,,,,"0,00 €",,,,,A,
301,,,,,,,"0,00 €",,,,,A,
302,,,,,,,"0,00 €",,,,,A,
303,,,,,,,"0,00 €",,,,,A,
304,,,,,,,"0,00 €",,,,,A,
305,,,,,,,"0,00 €",,,,,A,
306,,,,,,,"0,00 €",,,,,A,
307,,,,,,,"0,00 €",,,,,A,
308,,,,,,,"0,00 €",,,,,A,
309,,,,,,,"0,00 €",,,,,,
310,,,,,,,"0,00 €",,,,,,
311,,,,,,,"0,00 €",,,,,,
312,,,,,,,"0,00 €",,,,,,
313,,,,,,,"0,00 €",,,,,,
314,,,,,,,"0,00 €",,,,,,
315,,,,,,,"0,00 €",,,,,,
316,,,,,,,#REF!,,,,,,
317,,,,,,,#REF!,,,,,,
318,,,,,,,#REF!,,,,,,
319,,,,,,,#REF!,,,,,,
320,,,,,,,#REF!,,,,,,
321,,,,,,,#REF!,,,,,,
322,,,,,,,#REF!,,,,,,
323,,,,,,,#REF!,,,,,,
324,,,,,,,#REF!,,,,,,
325,,,,,,,#REF!,,,,,,
326,,,,,,,#REF!,,,,,,
327,,,,,,,#REF!,,,,,,
328,,,,,,,#REF!,,,,,,
329,,,,,,,#REF!,,,,,,
330,,,,,,,#REF!,,,,,,
331,,,,,,,#REF!,,,,,,
332,,,,,,,#REF!,,,,,,
333,,,,,,,#REF!,,,,,,
334,,,,,,,#REF!,,,,,,
335,,,,,,,#REF!,,,,,,
336,,,,,,,#REF!,,,,,,
337,,,,,,,#REF!,,,,,,
338,,,,,,,#REF!,,,,,,
339,,,,,,,#REF!,,,,,,
340,,,,,,,#REF!,,,,,,
341,,,,,,,#REF!,,,,,,
342,,,,,,,#REF!,,,,,,
343,,,,,,,#REF!,,,,,,
344,,,,,,,#REF!,,,,,,
345,,,,,,,#REF!,,,,,,
346,,,,,,,#REF!,,,,,,
347,,,,,,,#REF!,,,,,,
348,,,,,,,#REF!,,,,,,
349,,,,,,,#REF!,,,,,,
350,,,,,,,#REF!,,,,,,
351,,,,,,,#REF!,,,,,,
352,,,,,,,#REF!,,,,,,
353,,,,,,,#REF!,,,,,,
354,,,,,,,#REF!,,,,,,
355,,,,,,,#REF!,,,,,,
356,,,,,,,#REF!,,,,,,
357,,,,,,,#REF!,,,,,,
358,,,,,,,#REF!,,,,,,
359,,,,,,,#REF!,,,,,,
360,,,,,,,#REF!,,,,,,
361,,,,,,,#REF!,,,,,,
362,,,,,,,#REF!,,,,,,
363,,,,,,,#REF!,,,,,,
364,,,,,,,#REF!,,,,,,
365,,,,,,,#REF!,,,,,,
366,,,,,,,#REF!,,,,,,
367,,,,,,,#REF!,,,,,,
368,,,,,,,#REF!,,,,,,
369,,,,,,,#REF!,,,,,,
370,,,,,,,#REF!,,,,,,
371,,,,,,,#REF!,,,,,,
372,,,,,,,#REF!,,,,,,
373,,,,,,,#REF!,,,,,,
374,,,,,,,#REF!,,,,,,
375,,,,,,,#REF!,,,,,,
376,,,,,,,#REF!,,,,,,
377,,,,,,,#REF!,,,,,,
378,,,,,,,#REF!,,,,,,
379,,,,,,,#REF!,,,,,,
380,,,,,,,#REF!,,,,,,
381,,,,,,,#REF!,,,,,,
382,,,,,,,#REF!,,,,,,
383,,,,,,,#REF!,,,,,,
384,,,,,,,#REF!,,,,,,
385,,,,,,,#REF!,,,,,,
386,,,,,,,#REF!,,,,,,
387,,,,,,,#REF!,,,,,,
388,,,,,,,#REF!,,,,,,
389,,,,,,,#REF!,,,,,,
390,,,,,,,#REF!,,,,,,
391,,,,,,,#REF!,,,,,,
392,,,,,,,#REF!,,,,,,
393,,,,,,,#REF!,,,,,,
394,,,,,,,#REF!,,,,,,
395,,,,,,,#REF!,,,,,,
396,,,,,,,#REF!,,,,,,
,,,,,,,#REF!,,,,,,
,,,,,,,#REF!,,,,,,
,,,,,,,#REF!,,,,,,
,,,,,,,#REF!,,,,,,
,,,,,,,#REF!,,,,,,
,,,,,,,#REF!,,,,,,
,,,,,,,#REF!,,,,,,
,,,,,,,#REF!,,,,,,
,,,,,,,#REF!,,,,,,
,,,,,,,#REF!,,,,,,
,,,,,,,#REF!,,,,,,
,,,,,,,#REF!,,,,,,
,,,,,,,#REF!,,,,,,
,,,,,,,#REF!,,,,,,
,,,,,,,#REF!,,,,,,
,,,,,,,#REF!,,,,,,
,,,,,,,#REF!,,,,,,
,,,,,,,#REF!,,,,,,
,,,,,,,#REF!,,,,,,
,,,,,,,#REF!,,,,,,
,,,,,,,#REF!,,,,,,
,,,,,,,#REF!,,,,,,
,,,,,,,#REF!,,,,,,
,,,,,,,#REF!,,,,,,
,,,,,,,#REF!,,,,,,
,,,,,,,#REF!,,,,,,
,,,,,,,#REF!,,,,,,
,,,,,,,#REF!,,,,,,
,,,,,,,#REF!,,,,,,
,,,,,,,#REF!,,,,,,
,,,,,,,#REF!,,,,,,
,,,,,,,#REF!,,,,,,
,,,,,,,#REF!,,,,,,
,,,,,,,#REF!,,,,,,
,,,,,,,#REF!,,,,,,
,,,,,,,#REF!,,,,,,
,,,,,,,#REF!,,,,,,
,,,,,,,#REF!,,,,,,
,,,,,,,#REF!,,,,,,
,,,,,,,#REF!,,,,,,
,,,,,,,#REF!,,,,,,
,,,,,,,#REF!,,,,,,
,,,,,,,#REF!,,,,,,
,,,,,,,#REF!,,,,,,
,,,,,,,#REF!,,,,,,
,,,,,,,#REF!,,,,,,
,,,,,,,#REF!,,,,,,
,,,,,,,#REF!,,,,,,
,,,,,,,#REF!,,,,,,
,,,,,,,#REF!,,,,,,
,,,,,,,#REF!,,,,,,
,,,,,,,#REF!,,,,,,
,,,,,,,#REF!,,,,,,
,,,,,,,#REF!,,,,,,
,,,,,,,#REF!,,,,,,
,,,,,,,#REF!,,,,,,
,,,,,,,#REF!,,,,,,
,,,,,,,#REF!,,,,,,
,,,,,,,#REF!,,,,,,
,,,,,,,#REF!,,,,,,
,,,,,,,#REF!,,,,,,
,,,,,,,#REF!,,,,,,
,,,,,,,#REF!,,,,,,
,,,,,,,#REF!,,,,,,
,,,,,,,#REF!,,,,,,
,,,,,,,#REF!,,,,,,
,,,,,,,#REF!,,,,,,
,,,,,,,#REF!,,,,,,
,,,,,,,#REF!,,,,,,
,,,,,,,#REF!,,,,,,
,,,,,,,#REF!,,,,,,
,,,,,,,#REF!,,,,,,
,,,,,,,#REF!,,,,,,
,,,,,,,#REF!,,,,,,
,,,,,,,#REF!,,,,,,
,,,,,,,#REF!,,,,,,
,,,,,,,#REF!,,,,,,
,,,,,,,#REF!,,,,,,
,,,,,,,#REF!,,,,,,
,,,,,,,#REF!,,,,,,
,,,,,,,#REF!,,,,,,
,,,,,,,#REF!,,,,,,
,,,,,,,#REF!,,,,,,
,,,,,,,#REF!,,,,,,
,,,,,,,#REF!,,,,,,
,,,,,,,#REF!,,,,,,
,,,,,,,#REF!,,,,,,
,,,,,,,#REF!,,,,,,
,,,,,,,#REF!,,,,,,
,,,,,,,#REF!,,,,,,
,,,,,,,#REF!,,,,,,
,,,,,,,#REF!,,,,,,
,,,,,,,#REF!,,,,,,
,,,,,,,#REF!,,,,,,
,,,,,,,#REF!,,,,,,
,,,,,,,#REF!,,,,,,
,,,,,,,#REF!,,,,,,
,,,,,,,#REF!,,,,,,
,,,,,,,#REF!,,,,,,
,,,,,,,#REF!,,,,,,
,,,,,,,#REF!,,,,,,
,,,,,,,#REF!,,,,,,
,,,,,,,#REF!,,,,,,
,,,,,,,#REF!,,,,,,
,,,,,,,#REF!,,,,,,
,,,,,,,#REF!,,,,,,
,,,,,,,#REF!,,,,,,
,,,,,,,#REF!,,,,,,
,,,,,,,#REF!,,,,,,
,,,,,,,#REF!,,,,,,
,,,,,,,#REF!,,,,,,
,,,,,,,#REF!,,,,,,
,,,,,,,#REF!,,,,,,
,,,,,,,#REF!,,,,,,
,,,,,,,#REF!,,,,,,
,,,,,,,#REF!,,,,,,
,,,,,,,#REF!,,,,,,
,,,,,,,#REF!,,,,,,
,,,,,,,#REF!,,,,,,
,,,,,,,#REF!,,,,,,
,,,,,,,#REF!,,,,,,
,,,,,,,#REF!,,,,,,
,,,,,,,#REF!,,,,,,
,,,,,,,#REF!,,,,,,
,,,,,,,#REF!,,,,,,
,,,,,,,#REF!,,,,,,
,,,,,,,#REF!,,,,,,
,,,,,,,#REF!,,,,,,
,,,,,,,#REF!,,,,,,
,,,,,,,#REF!,,,,,,
,,,,,,,#REF!,,,,,,
,,,,,,,#REF!,,,,,,
,,,,,,,#REF!,,,,,,
,,,,,,,#REF!,,,,,,
,,,,,,,#REF!,,,,,,
,,,,,,,#REF!,,,,,,
,,,,,,,#REF!,,,,,,
,,,,,,,#REF!,,,,,,
,,,,,,,#REF!,,,,,,
,,,,,,,#REF!,,,,,,
,,,,,,,#REF!,,,,,,
,,,,,,,#REF!,,,,,,
,,,,,,,#REF!,,,,,,
,,,,,,,#REF!,,,,,,
,,,,,,,#REF!,,,,,,
,,,,,,,#REF!,,,,,,
,,,,,,,#REF!,,,,,,
,,,,,,,#REF!,,,,,,
,,,,,,,#REF!,,,,,,
,,,,,,,#REF!,,,,,,
,,,,,,,#REF!,,,,,,
,,,,,,,#REF!,,,,,,
,,,,,,,#REF!,,,,,,
,,,,,,,#REF!,,,,,,
,,,,,,,#REF!,,,,,,
,,,,,,,#REF!,,,,,,
,,,,,,,#REF!,,,,,,
,,,,,,,#REF!,,,,,,
,,,,,,,#REF!,,,,,,
,,,,,,,#REF!,,,,,,
,,,,,,,#REF!,,,,,,
,,,,,,,#REF!,,,,,,
,,,,,,,#REF!,,,,,,
,,,,,,,#REF!,,,,,,
,,,,,,,#REF!,,,,,,
,,,,,,,#REF!,,,,,,
,,,,,,,#REF!,,,,,,
,,,,,,,#REF!,,,,,,
,,,,,,,#REF!,,,,,,
,,,,,,,#REF!,,,,,,
,,,,,,,#REF!,,,,,,
,,,,,,,#REF!,,,,,,
,,,,,,,#REF!,,,,,,
,,,,,,,#REF!,,,,,,
,,,,,,,#REF!,,,,,,
,,,,,,,#REF!,,,,,,
,,,,,,,#REF!,,,,,,
,,,,,,,#REF!,,,,,,
,,,,,,,#REF!,,,,,,
,,,,,,,#REF!,,,,,,
,,,,,,,#REF!,,,,,,
,,,,,,,#REF!,,,,,,
,,,,,,,#REF!,,,,,,
,,,,,,,#REF!,,,,,,
,,,,,,,#REF!,,,,,,
,,,,,,,#REF!,,,,,,
,,,,,,,#REF!,,,,,,
,,,,,,,#REF!,,,,,,
,,,,,,,#REF!,,,,,,
,,,,,,,#REF!,,,,,,
,,,,,,,#REF!,,,,,,
,,,,,,,#REF!,,,,,,
,,,,,,,#REF!,,,,,,
,,,,,,,#REF!,,,,,,
,,,,,,,#REF!,,,,,,
,,,,,,,#REF!,,,,,,
,,,,,,,#REF!,,,,,,
,,,,,,,#REF!,,,,,,
,,,,,,,#REF!,,,,,,
,,,,,,,#REF!,,,,,,
,,,,,,,#REF!,,,,,,
,,,,,,,#REF!,,,,,,
,,,,,,,#REF!,,,,,,
,,,,,,,#REF!,,,,,,
,,,,,,,#REF!,,,,,,
,,,,,,,#REF!,,,,,,
,,,,,,,#REF!,,,,,,
,,,,,,,#REF!,,,,,,
,,,,,,,#REF!,,,,,,
,,,,,,,#REF!,,,,,,
,,,,,,,#REF!,,,,,,
,,,,,,,#REF!,,,,,,
,,,,,,,#REF!,,,,,,
,,,,,,,#REF!,,,,,,
,,,,,,,#REF!,,,,,,
,,,,,,,#REF!,,,,,,
,,,,,,,#REF!,,,,,,
,,,,,,,#REF!,,,,,,
,,,,,,,#REF!,,,,,,
,,,,,,,#REF!,,,,,,
,,,,,,,#REF!,,,,,,
,,,,,,,#REF!,,,,,,
,,,,,,,#REF!,,,,,,
,,,,,,,#REF!,,,,,,
,,,,,,,#REF!,,,,,,
,,,,,,,#REF!,,,,,,
,,,,,,,#REF!,,,,,,
,,,,,,,#REF!,,,,,,
,,,,,,,#REF!,,,,,,
,,,,,,,#REF!,,,,,,
,,,,,,,#REF!,,,,,,
,,,,,,,#REF!,,,,,,
,,,,,,,#REF!,,,,,,
,,,,,,,#REF!,,,,,,
,,,,,,,#REF!,,,,,,
,,,,,,,#REF!,,,,,,
,,,,,,,#REF!,,,,,,
,,,,,,,#REF!,,,,,,
,,,,,,,#REF!,,,,,,
,,,,,,,#REF!,,,,,,
,,,,,,,#REF!,,,,,,
,,,,,,,#REF!,,,,,,
,,,,,,,#REF!,,,,,,
,,,,,,,#REF!,,,,,,
,,,,,,,#REF!,,,,,,
,,,,,,,#REF!,,,,,,
,,,,,,,#REF!,,,,,,
,,,,,,,#REF!,,,,,,
,,,,,,,#REF!,,,,,,
,,,,,,,#REF!,,,,,,
,,,,,,,#REF!,,,,,,
,,,,,,,#REF!,,,,,,
,,,,,,,#REF!,,,,,,
,,,,,,,#REF!,,,,,,
,,,,,,,#REF!,,,,,,
,,,,,,,#REF!,,,,,,
,,,,,,,#REF!,,,,,,
,,,,,,,#REF!,,,,,,
,,,,,,,#REF!,,,,,,
,,,,,,,#REF!,,,,,,
,,,,,,,#REF!,,,,,,
,,,,,,,#REF!,,,,,,
,,,,,,,#REF!,,,,,,
,,,,,,,#REF!,,,,,,
,,,,,,,#REF!,,,,,,
,,,,,,,#REF!,,,,,,
,,,,,,,#REF!,,,,,,
,,,,,,,#REF!,,,,,,
,,,,,,,#REF!,,,,,,
,,,,,,,#REF!,,,,,,
,,,,,,,#REF!,,,,,,
,,,,,,,#REF!,,,,,,
,,,,,,,#REF!,,,,,,
,,,,,,,#REF!,,,,,,
,,,,,,,#REF!,,,,,,
,,,,,,,#REF!,,,,,,
,,,,,,,#REF!,,,,,,
,,,,,,,#REF!,,,,,,
,,,,,,,#REF!,,,,,,
,,,,,,,#REF!,,,,,,
,,,,,,,#REF!,,,,,,
,,,,,,,#REF!,,,,,,
,,,,,,,#REF!,,,,,,
,,,,,,,#REF!,,,,,,
,,,,,,,#REF!,,,,,,
,,,,,,,#REF!,,,,,,
,,,,,,,#REF!,,,,,,
,,,,,,,#REF!,,,,,,
,,,,,,,#REF!,,,,,,
,,,,,,,#REF!,,,,,,
,,,,,,,#REF!,,,,,,
,,,,,,,#REF!,,,,,,
,,,,,,,#REF!,,,,,,
,,,,,,,#REF!,,,,,,
,,,,,,,#REF!,,,,,,
,,,,,,,#REF!,,,,,,
,,,,,,,#REF!,,,,,,
,,,,,,,#REF!,,,,,,
,,,,,,,#REF!,,,,,,
,,,,,,,#REF!,,,,,,
,,,,,,,#REF!,,,,,,
,,,,,,,#REF!,,,,,,
,,,,,,,#REF!,,,,,,
,,,,,,,#REF!,,,,,,
,,,,,,,#REF!,,,,,,
,,,,,,,#REF!,,,,,,
,,,,,,,#REF!,,,,,,
,,,,,,,#REF!,,,,,,
,,,,,,,#REF!,,,,,,
,,,,,,,#REF!,,,,,,
,,,,,,,#REF!,,,,,,
,,,,,,,#REF!,,,,,,
,,,,,,,#REF!,,,,,,
,,,,,,,#REF!,,,,,,
,,,,,,,#REF!,,,,,,
,,,,,,,#REF!,,,,,,
,,,,,,,#REF!,,,,,,
,,,,,,,#REF!,,,,,,
,,,,,,,#REF!,,,,,,
,,,,,,,#REF!,,,,,,
,,,,,,,#REF!,,,,,,
,,,,,,,#REF!,,,,,,
,,,,,,,#REF!,,,,,,
,,,,,,,#REF!,,,,,,
,,,,,,,#REF!,,,,,,
,,,,,,,#REF!,,,,,,
,,,,,,,#REF!,,,,,,
,,,,,,,#REF!,,,,,,
,,,,,,,#REF!,,,,,,
,,,,,,,#REF!,,,,,,
,,,,,,,#REF!,,,,,,
,,,,,,,#REF!,,,,,,
,,,,,,,#REF!,,,,,,
,,,,,,,#REF!,,,,,,
,,,,,,,#REF!,,,,,,
,,,,,,,#REF!,,,,,,
,,,,,,,#REF!,,,,,,
,,,,,,,#REF!,,,,,,
,,,,,,,#REF!,,,,,,
,,,,,,,#REF!,,,,,,
,,,,,,,#REF!,,,,,,
,,,,,,,#REF!,,,,,,
,,,,,,,#REF!,,,,,,
,,,,,,,#REF!,,,,,,
,,,,,,,#REF!,,,,,,
,,,,,,,#REF!,,,,,,
,,,,,,,#REF!,,,,,,
,,,,,,,#REF!,,,,,,
,,,,,,,#REF!,,,,,,
,,,,,,,#REF!,,,,,,
,,,,,,,#REF!,,,,,,
,,,,,,,#REF!,,,,,,
,,,,,,,#REF!,,,,,,
,,,,,,,#REF!,,,,,,
,,,,,,,#REF!,,,,,,
,,,,,,,#REF!,,,,,,
,,,,,,,#REF!,,,,,,
,,,,,,,#REF!,,,,,,
,,,,,,,#REF!,,,,,,
,,,,,,,#REF!,,,,,,
,,,,,,,#REF!,,,,,,
,,,,,,,#REF!,,,,,,
,,,,,,,#REF!,,,,,,
,,,,,,,#REF!,,,,,,
,,,,,,,#REF!,,,,,,
,,,,,,,#REF!,,,,,,
,,,,,,,#REF!,,,,,,
,,,,,,,#REF!,,,,,,
,,,,,,,#REF!,,,,,,
,,,,,,,#REF!,,,,,,
,,,,,,,#REF!,,,,,,
,,,,,,,#REF!,,,,,,
,,,,,,,#REF!,,,,,,
,,,,,,,#REF!,,,,,,
,,,,,,,#REF!,,,,,,
,,,,,,,#REF!,,,,,,
,,,,,,,#REF!,,,,,,
,,,,,,,#REF!,,,,,,
,,,,,,,#REF!,,,,,,
,,,,,,,#REF!,,,,,,
,,,,,,,#REF!,,,,,,
,,,,,,,#REF!,,,,,,
,,,,,,,#REF!,,,,,,
,,,,,,,#REF!,,,,,,
,,,,,,,#REF!,,,,,,
,,,,,,,#REF!,,,,,,
,,,,,,,#REF!,,,,,,
,,,,,,,#REF!,,,,,,
,,,,,,,#REF!,,,,,,
,,,,,,,#REF!,,,,,,
,,,,,,,#REF!,,,,,,
,,,,,,,#REF!,,,,,,
,,,,,,,#REF!,,,,,,
,,,,,,,#REF!,,,,,,
,,,,,,,#REF!,,,,,,
,,,,,,,#REF!,,,,,,
,,,,,,,#REF!,,,,,,
,,,,,,,#REF!,,,,,,
,,,,,,,#REF!,,,,,,
,,,,,,,#REF!,,,,,,
,,,,,,,#REF!,,,,,,
,,,,,,,#REF!,,,,,,
,,,,,,,#REF!,,,,,,
,,,,,,,#REF!,,,,,,
,,,,,,,#REF!,,,,,,
,,,,,,,#REF!,,,,,,
,,,,,,,#REF!,,,,,,
,,,,,,,#REF!,,,,,,
,,,,,,,#REF!,,,,,,
,,,,,,,#REF!,,,,,,
,,,,,,,#REF!,,,,,,
,,,,,,,#REF!,,,,,,
,,,,,,,#REF!,,,,,,
,,,,,,,#REF!,,,,,,
,,,,,,,#REF!,,,,,,
,,,,,,,#REF!,,,,,,
,,,,,,,#REF!,,,,,,
,,,,,,,#REF!,,,,,,
,,,,,,,#REF!,,,,,,
,,,,,,,#REF!,,,,,,
,,,,,,,#REF!,,,,,,
,,,,,,,#REF!,,,,,,
,,,,,,,#REF!,,,,,,
,,,,,,,#REF!,,,,,,
,,,,,,,#REF!,,,,,,
,,,,,,,#REF!,,,,,,
,,,,,,,#REF!,,,,,,
,,,,,,,#REF!,,,,,,
,,,,,,,#REF!,,,,,,
,,,,,,,#REF!,,,,,,
,,,,,,,#REF!,,,,,,
,,,,,,,#REF!,,,,,,
,,,,,,,#REF!,,,,,,
,,,,,,,#REF!,,,,,,
,,,,,,,#REF!,,,,,,
,,,,,,,#REF!,,,,,,
,,,,,,,#REF!,,,,,,
,,,,,,,#REF!,,,,,,
,,,,,,,#REF!,,,,,,
,,,,,,,#REF!,,,,,,
,,,,,,,#REF!,,,,,,
,,,,,,,#REF!,,,,,,
,,,,,,,#REF!,,,,,,
,,,,,,,#REF!,,,,,,
,,,,,,,#REF!,,,,,,
,,,,,,,#REF!,,,,,,
,,,,,,,#REF!,,,,,,
,,,,,,,#REF!,,,,,,
,,,,,,,#REF!,,,,,,
,,,,,,,#REF!,,,,,,
,,,,,,,#REF!,,,,,,
,,,,,,,#REF!,,,,,,
,,,,,,,#REF!,,,,,,
,,,,,,,#REF!,,,,,,
,,,,,,,#REF!,,,,,,
,,,,,,,#REF!,,,,,,
,,,,,,,#REF!,,,,,,
,,,,,,,#REF!,,,,,,
,,,,,,,#REF!,,,,,,
,,,,,,,#REF!,,,,,,
,,,,,,,#REF!,,,,,,
,,,,,,,#REF!,,,,,,
,,,,,,,#REF!,,,,,,
,,,,,,,#REF!,,,,,,
,,,,,,,#REF!,,,,,,
,,,,,,,#REF!,,,,,,
,,,,,,,#REF!,,,,,,
,,,,,,,#REF!,,,,,,
,,,,,,,#REF!,,,,,,
,,,,,,,#REF!,,,,,,
,,,,,,,#REF!,,,,,,
,,,,,,,#REF!,,,,,,
,,,,,,,#REF!,,,,,,
,,,,,,,#REF!,,,,,,
,,,,,,,#REF!,,,,,,
,,,,,,,#REF!,,,,,,
,,,,,,,#REF!,,,,,,
,,,,,,,#REF!,,,,,,
,,,,,,,#REF!,,,,,,
,,,,,,,#REF!,,,,,,
,,,,,,,#REF!,,,,,,
,,,,,,,#REF!,,,,,,
,,,,,,,#REF!,,,,,,
,,,,,,,#REF!,,,,,,
,,,,,,,#REF!,,,,,,
,,,,,,,#REF!,,,,,,
,,,,,,,#REF!,,,,,,
,,,,,,,#REF!,,,,,,
,,,,,,,#REF!,,,,,,
,,,,,,,#REF!,,,,,,
,,,,,,,#REF!,,,,,,
,,,,,,,#REF!,,,,,,
,,,,,,,#REF!,,,,,,
,,,,,,,#REF!,,,,,,
,,,,,,,#REF!,,,,,,
,,,,,,,#REF!,,,,,,
,,,,,,,#REF!,,,,,,
,,,,,,,#REF!,,,,,,
,,,,,,,#REF!,,,,,,
,,,,,,,#REF!,,,,,,
,,,,,,,#REF!,,,,,,
,,,,,,,#REF!,,,,,,
,,,,,,,#REF!,,,,,,
,,,,,,,#REF!,,,,,,
,,,,,,,#REF!,,,,,,
,,,,,,,#REF!,,,,,,
,,,,,,,#REF!,,,,,,
,,,,,,,#REF!,,,,,,
,,,,,,,#REF!,,,,,,
,,,,,,,#REF!,,,,,,
,,,,,,,#REF!,,,,,,
,,,,,,,#REF!,,,,,,
,,,,,,,#REF!,,,,,,
,,,,,,,#REF!,,,,,,
,,,,,,,#REF!,,,,,,
,,,,,,,#REF!,,,,,,
,,,,,,,#REF!,,,,,,
,,,,,,,#REF!,,,,,,
,,,,,,,#REF!,,,,,,
,,,,,,,#REF!,,,,,,
,,,,,,,#REF!,,,,,,
,,,,,,,#REF!,,,,,,
,,,,,,,#REF!,,,,,,
,,,,,,,#REF!,,,,,,
,,,,,,,#REF!,,,,,,
,,,,,,,#REF!,,,,,,
,,,,,,,#REF!,,,,,,
,,,,,,,#REF!,,,,,,
,,,,,,,#REF!,,,,,,
,,,,,,,#REF!,,,,,,
,,,,,,,#REF!,,,,,,
,,,,,,,#REF!,,,,,,
,,,,,,,#REF!,,,,,,
,,,,,,,#REF!,,,,,,
,,,,,,,#REF!,,,,,,
,,,,,,,#REF!,,,,,,
,,,,,,,#REF!,,,,,,
,,,,,,,#REF!,,,,,,
,,,,,,,#REF!,,,,,,
,,,,,,,#REF!,,,,,,
,,,,,,,#REF!,,,,,,
,,,,,,,#REF!,,,,,,
,,,,,,,#REF!,,,,,,
,,,,,,,#REF!,,,,,,
,,,,,,,#REF!,,,,,,
,,,,,,,#REF!,,,,,,
,,,,,,,#REF!,,,,,,
,,,,,,,#REF!,,,,,,
,,,,,,,#REF!,,,,,,
,,,,,,,#REF!,,,,,,
,,,,,,,#REF!,,,,,,
,,,,,,,#REF!,,,,,,
,,,,,,,#REF!,,,,,,
,,,,,,,#REF!,,,,,,
,,,,,,,#REF!,,,,,,
,,,,,,,#REF!,,,,,,
,,,,,,,#REF!,,,,,,
,,,,,,,#REF!,,,,,,
,,,,,,,#REF!,,,,,,
,,,,,,,#REF!,,,,,,
,,,,,,,#REF!,,,,,,
,,,,,,,#REF!,,,,,,
,,,,,,,#REF!,,,,,,
,,,,,,,#REF!,,,,,,
,,,,,,,#REF!,,,,,,
,,,,,,,#REF!,,,,,,
,,,,,,,#REF!,,,,,,
,,,,,,,#REF!,,,,,,
,,,,,,,#REF!,,,,,,
,,,,,,,#REF!,,,,,,
,,,,,,,#REF!,,,,,,
,,,,,,,#REF!,,,,,,
,,,,,,,#REF!,,,,,,
,,,,,,,#REF!,,,,,,
,,,,,,,#REF!,,,,,,
,,,,,,,#REF!,,,,,,
,,,,,,,#REF!,,,,,,
,,,,,,,#REF!,,,,,,
,,,,,,,#REF!,,,,,,
,,,,,,,#REF!,,,,,,
,,,,,,,#REF!,,,,,,
,,,,,,,#REF!,,,,,,
,,,,,,,#REF!,,,,,,
,,,,,,,#REF!,,,,,,
,,,,,,,#REF!,,,,,,
,,,,,,,#REF!,,,,,,
,,,,,,,#REF!,,,,,,
,,,,,,,#REF!,,,,,,
,,,,,,,#REF!,,,,,,
,,,,,,,#REF!,,,,,,
,,,,,,,#REF!,,,,,,
,,,,,,,#REF!,,,,,,
,,,,,,,#REF!,,,,,,
,,,,,,,#REF!,,,,,,
,,,,,,,#REF!,,,,,,
,,,,,,,#REF!,,,,,,
,,,,,,,#REF!,,,,,,
,,,,,,,#REF!,,,,,,
,,,,,,,#REF!,,,,,,
,,,,,,,#REF!,,,,,,
,,,,,,,#REF!,,,,,,
,,,,,,,#REF!,,,,,,
,,,,,,,#REF!,,,,,,
,,,,,,,#REF!,,,,,,
,,,,,,,#REF!,,,,,,
,,,,,,,#REF!,,,,,,
,,,,,,,#REF!,,,,,,
,,,,,,,#REF!,,,,,,
,,,,,,,#REF!,,,,,,
,,,,,,,#REF!,,,,,,
,,,,,,,#REF!,,,,,,
,,,,,,,#REF!,,,,,,
,,,,,,,#REF!,,,,,,
,,,,,,,#REF!,,,,,,
,,,,,,,#REF!,,,,,,
,,,,,,,#REF!,,,,,,
,,,,,,,#REF!,,,,,,
,,,,,,,#REF!,,,,,,
,,,,,,,#REF!,,,,,,
,,,,,,,#REF!,,,,,,
,,,,,,,#REF!,,,,,,
,,,,,,,#REF!,,,,,,
,,,,,,,#REF!,,,,,,
,,,,,,,#REF!,,,,,,
,,,,,,,#REF!,,,,,,
,,,,,,,#REF!,,,,,,
,,,,,,,#REF!,,,,,,
,,,,,,,#REF!,,,,,,
,,,,,,,#REF!,,,,,,
,,,,,,,#REF!,,,,,,
,,,,,,,#REF!,,,,,,
,,,,,,,#REF!,,,,,,
,,,,,,,#REF!,,,,,,
,,,,,,,#REF!,,,,,,
,,,,,,,#REF!,,,,,,
,,,,,,,#REF!,,,,,,
,,,,,,,#REF!,,,,,,
,,,,,,,#REF!,,,,,,
,,,,,,,#REF!,,,,,,
,,,,,,,#REF!,,,,,,
,,,,,,,#REF!,,,,,,
,,,,,,,#REF!,,,,,,
,,,,,,,#REF!,,,,,,
,,,,,,,#REF!,,,,,,
,,,,,,,#REF!,,,,,,
,,,,,,,#REF!,,,,,,
,,,,,,,#REF!,,,,,,
,,,,,,,#REF!,,,,,,
,,,,,,,#REF!,,,,,,
,,,,,,,#REF!,,,,,,
,,,,,,,#REF!,,,,,,
,,,,,,,#REF!,,,,,,
,,,,,,,#REF!,,,,,,
,,,,,,,#REF!,,,,,,
,,,,,,,#REF!,,,,,,
,,,,,,,#REF!,,,,,,
,,,,,,,#REF!,,,,,,
,,,,,,,#REF!,,,,,,
,,,,,,,#REF!,,,,,,
,,,,,,,#REF!,,,,,,
,,,,,,,#REF!,,,,,,
,,,,,,,#REF!,,,,,,
,,,,,,,#REF!,,,,,,
,,,,,,,#REF!,,,,,,
,,,,,,,#REF!,,,,,,
,,,,,,,#REF!,,,,,,
,,,,,,,#REF!,,,,,,
,,,,,,,#REF!,,,,,,
,,,,,,,#REF!,,,,,,
,,,,,,,#REF!,,,,,,
,,,,,,,#REF!,,,,,,
,,,,,,,#REF!,,,,,,
,,,,,,,#REF!,,,,,,
,,,,,,,#REF!,,,,,,
,,,,,,,#REF!,,,,,,
,,,,,,,#REF!,,,,,,
,,,,,,,#REF!,,,,,,
,,,,,,,#REF!,,,,,,
,,,,,,,#REF!,,,,,,
,,,,,,,#REF!,,,,,,
,,,,,,,#REF!,,,,,,
,,,,,,,#REF!,,,,,,
,,,,,,,#REF!,,,,,,
,,,,,,,#REF!,,,,,,
,,,,,,,#REF!,,,,,,
,,,,,,,#REF!,,,,,,
,,,,,,,#REF!,,,,,,
,,,,,,,#REF!,,,,,,
,,,,,,,#REF!,,,,,,
,,,,,,,#REF!,,,,,,
,,,,,,,#REF!,,,,,,
,,,,,,,#REF!,,,,,,
,,,,,,,#REF!,,,,,,
,,,,,,,#REF!,,,,,,
,,,,,,,#REF!,,,,,,
,,,,,,,#REF!,,,,,,
,,,,,,,#REF!,,,,,,
,,,,,,,#REF!,,,,,,
,,,,,,,#REF!,,,,,,
,,,,,,,#REF!,,,,,,
,,,,,,,#REF!,,,,,,
,,,,,,,#REF!,,,,,,
,,,,,,,#REF!,,,,,,
,,,,,,,#REF!,,,,,,
,,,,,,,#REF!,,,,,,
,,,,,,,#REF!,,,,,,
,,,,,,,#REF!,,,,,,
,,,,,,,#REF!,,,,,,
,,,,,,,#REF!,,,,,,
,,,,,,,#REF!,,,,,,
,,,,,,,#REF!,,,,,,
,,,,,,,#REF!,,,,,,
,,,,,,,#REF!,,,,,,
,,,,,,,#REF!,,,,,,
,,,,,,,#REF!,,,,,,
,,,,,,,#REF!,,,,,,
,,,,,,,#REF!,,,,,,
,,,,,,,#REF!,,,,,,