sku,status,brand,type,style,grade,origin,supplier,purchase_price,sale_price,push_cost,markup,profit,roi,listed_on,sold_on,cancelled_on,order_id
214,Pending,"y2k, flared",Denim,,A,,5th Era Thrift (Fleek),8.71,0.0,0.0,,,,,,,-1
215,Pending,"y2k, flared",Denim,,A,,5th Era Thrift (Fleek),8.71,0.0,0.0,,,,,,,-1
216,Pending,"y2k, flared",Denim,,A,,5th Era Thrift (Fleek),8.71,0.0,0.0,,,,,,,-1
217,Pending,"y2k, flared",Denim,,A,,5th Era Thrift (Fleek),8.71,0.0,0.0,,,,,,,-1
218,Pending,"y2k, flared",Denim,,A,,5th Era Thrift (Fleek),8.71,0.0,0.0,,,,,,,-1
219,Pending,"y2k, flared",Denim,,A,,5th Era Thrift (Fleek),8.71,0.0,0.0,,,,,,,-1
220,Pending,"y2k, flared",Denim,,A,,5th Era Thrift (Fleek),8.71,0.0,0.0,,,,,,,-1
221,Pending,"y2k, flared",Denim,,A,,5th Era Thrift (Fleek),8.71,0.0,0.0,,,,,,,-1
222,Pending,"y2k, flared",Denim,,A,,5th Era Thrift (Fleek),8.71,0.0,0.0,,,,,,,-1
223,Pending,"y2k, flared",Denim,,A,,5th Era Thrift (Fleek),8.71,0.0,0.0,,,,,,,-1
224,Pending,"y2k, flared",Denim,,A,,5th Era Thrift (Fleek),8.71,0.0,0.0,,,,,,,-1
225,Pending,"y2k, flared",Denim,,A,,5th Era Thrift (Fleek),8.71,0.0,0.0,,,,,,,-1
226,Pending,"y2k, flared",Denim,,A,,5th Era Thrift (Fleek),8.71,0.0,0.0,,,,,,,-1
227,Pending,"y2k, flared",Denim,,A,,5th Era Thrift (Fleek),8.71,0.0,0.0,,,,,,,-1
228,Pending,"y2k, flared",Denim,,A,,5th Era Thrift (Fleek),8.71,0.0,0.0,,,,,,,-1
229,Pending,"y2k, flared",Denim,,A,,5th Era Thrift (Fleek),8.71,0.0,0.0,,,,,,,-1
230,Pending,"y2k, flared",Denim,,A,,5th Era Thrift (Fleek),8.71,0.0,0.0,,,,,,,-1
231,Pending,"y2k, flared",Denim,,A,,5th Era Thrift (Fleek),8.71,0.0,0.0,,,,,,,-1
232,Pending,"y2k, flared",Denim,,A,,5th Era Thrift (Fleek),8.71,0.0,0.0,,,,,,,-1
233,Pending,"y2k, flared",Denim,,A,,5th Era Thrift (Fleek),8.71,0.0,0.0,,,,,,,-1
234,Pending,"y2k, flared",Denim,,A,,5th Era Thrift (Fleek),8.71,0.0,0.0,,,,,,,-1
235,Pending,"y2k, flared",Denim,,A,,5th Era Thrift (Fleek),8.71,0.0,0.0,,,,,,,-1
236,Pending,"y2k, flared",Denim,,A,,5th Era Thrift (Fleek),8.71,0.0,0.0,,,,,,,-1
237,Pending,"y2k, flared",Denim,,A,,5th Era Thrift (Fleek),8.71,0.0,0.0,,,,,,,-1
238,Pending,"y2k, flared",Denim,,A,,5th Era Thrift (Fleek),8.71,0.0,0.0,,,,,,,-1
239,Pending,"y2k, flared",Denim,,A,,5th Era Thrift (Fleek),8.71,0.0,0.0,,,,,,,-1
240,Pending,"y2k, flared",Denim,,A,,5th Era Thrift (Fleek),8.71,0.0,0.0,,,,,,,-1
241,Pending,"y2k, flared",Denim,,A,,5th Era Thrift (Fleek),8.71,0.0,0.0,,,,,,,-1
242,Pending,"y2k, flared",Denim,,A,,5th Era Thrift (Fleek),8.71,0.0,0.0,,,,,,,-1
243,Pending,"y2k, flared",Denim,,A,,5th Era Thrift (Fleek),8.71,0.0,0.0,,,,,,,-1
251,Pending,True Religon,Denim,,A,,Creed Vintage (Fleek),30.45,0.0,0.0,,,,,,,-1
252,Pending,True Religon,Denim,,A,,Creed Vintage (Fleek),30.45,0.0,0.0,,,,,,,-1
253,Pending,True Religon,Denim,,A,,Creed Vintage (Fleek),30.45,0.0,0.0,,,,,,,-1
254,Pending,True Religon,Denim,,A,,Creed Vintage (Fleek),30.45,0.0,0.0,,,,,,,-1
255,Pending,True Religon,Denim,,A,,Creed Vintage (Fleek),30.45,0.0,0.0,,,,,,,-1
256,Pending,True Religon,Denim,,A,,Creed Vintage (Fleek),30.45,0.0,0.0,,,,,,,-1
257,Pending,True Religon,Denim,,A,,Creed Vintage (Fleek),30.45,0.0,0.0,,,,,,,-1
8,Listed,Balenciaga,Portmonee,,B,,Versitaire,56.3,0.0,2.52,,,,2026-02-10,,,-1
39,Listed,Levis,Denim,,A,,Vibe Vintage (Fleek),6.5,0.0,0.0,,,,2026-02-14,,,-1
48,Listed,True Religon,Denim,,A,,Elegant Vintage (Fleek),22.8,0.0,1.89,,,,2026-02-11,,,-1
49,Listed,True Religon,Denim,,A,,Elegant Vintage (Fleek),22.8,0.0,1.78,,,,2026-01-06,,,-1
51,Listed,"y2k, flared, bootcut",Denim,,A,,AMR Thrifty Vintage (Fleek),7.57,0.0,0.0,,,,2026-01-20,,,-1
53,Listed,"y2k, flared, bootcut",Denim,,A,,AMR Thrifty Vintage (Fleek),7.57,0.0,0.0,,,,2026-01-20,,,-1
54,Listed,"y2k, flared, bootcut",Denim,,A,,AMR Thrifty Vintage (Fleek),7.57,0.0,0.0,,,,2026-01-20,,,-1
56,Listed,"y2k, flared, bootcut",Denim,,A,,AMR Thrifty Vintage (Fleek),7.57,0.0,0.0,,,,2026-02-01,,,-1
57,Listed,"y2k, flared, bootcut",Denim,,A,,AMR Thrifty Vintage (Fleek),7.57,0.0,0.0,,,,2026-02-01,,,-1
58,Listed,"y2k, flared, bootcut",Denim,,A,,AMR Thrifty Vintage (Fleek),7.57,0.0,0.0,,,,2026-02-01,,,-1
61,Listed,"y2k, flared, bootcut",Denim,,A,,AMR Thrifty Vintage (Fleek),7.57,0.0,0.0,,,,2026-02-11,,,-1
64,Listed,True Religon,Denim,,A,,Vintage Bliss (Fleek),12.51,0.0,0.0,,,,2026-02-22,,,-1
65,Listed,True Religon,Denim,,A,,Vintage Bliss (Fleek),12.51,0.0,0.0,,,,2026-02-11,,,-1
67,Listed,True Religon,Denim,,A,,Vintage Bliss (Fleek),12.51,0.0,0.0,,,,2026-02-11,,,-1
71,Listed,True Religon,Denim,,A,,Vintage Bliss (Fleek),12.51,0.0,0.0,,,,2026-02-23,,,-1
72,Listed,True Religon,Denim,,A,,Vintage Bliss (Fleek),12.51,0.0,0.0,,,,2026-02-10,,,-1
74,Listed,True Religon,Denim,,A,,Vintage Bliss (Fleek),12.51,0.0,0.0,,,,2026-02-22,,,-1
77,Listed,True Religon,Denim,,A,,Vintage Bliss (Fleek),12.51,0.0,0.0,,,,2026-02-22,,,-1
80,Listed,True Religon,Denim,,A,,Vintage Bliss (Fleek),12.51,0.0,0.0,,,,2026-02-24,,,-1
81,Listed,True Religon,Denim,,A,,Vintage Bliss (Fleek),12.51,0.0,0.0,,,,2026-02-23,,,-1
87,Listed,True Religon,Denim,,A,,Diamond Vintage (Fleek),18.16,0.0,0.0,,,,2026-02-23,,,-1
91,Listed,True Religon,Denim,,A,,Diamond Vintage (Fleek),18.16,0.0,0.0,,,,2026-02-02,,,-1
92,Listed,True Religon,Denim,,A,,Diamond Vintage (Fleek),18.16,0.0,0.0,,,,2026-02-02,,,-1
93,Listed,True Religon,Denim,,A,,Diamond Vintage (Fleek),18.16,0.0,0.0,,,,2026-02-02,,,-1
103,Listed,"Miss Me, verziehrt",Denim,,A,,AMR Thrifty Vintage (Fleek),12.76,0.0,0.0,,,,2026-02-03,,,-1
116,Listed,True Religon,Denim,,A,,AMR Thrifty Vintage (Fleek),12.76,0.0,0.0,,,,2026-02-23,,,-1
117,Listed,True Religon,Denim,,A,,AMR Thrifty Vintage (Fleek),12.76,0.0,0.0,,,,2026-02-23,,,-1
119,Listed,True Religon,Denim,,A,,AMR Thrifty Vintage (Fleek),12.76,0.0,0.0,,,,2026-02-24,,,-1
122,Listed,True Religon,Denim,,A,,AMR Thrifty Vintage (Fleek),12.76,0.0,0.0,,,,2026-02-24,,,-1
123,Listed,,Denim,,A,,AMR Thrifty Vintage (Fleek),12.76,0.0,0.0,,,,2026-02-24,,,-1
130,Listed,realtree,Hose anders,,B,,Vintage Bliss (Fleek),11.55,0.0,0.0,,,,2026-02-06,,,-1
140,Listed,"flared, Japan Style",Denim,,A,,Retro thrift store (Fleek),11.39,0.0,0.0,,,,2026-02-21,,,-1
141,Listed,"flared, Japan Style",Denim,,A,,Retro thrift store (Fleek),11.39,0.0,0.0,,,,2026-02-21,,,-1
142,Listed,"flared, Japan Style",Denim,,A,,Retro thrift store (Fleek),11.39,0.0,0.0,,,,2026-02-21,,,-1
143,Listed,"flared, Japan Style",Denim,,A,,Retro thrift store (Fleek),11.39,0.0,0.0,,,,2026-02-22,,,-1
147,Listed,"flared, Japan Style",Denim,,A,,Retro thrift store (Fleek),11.39,0.0,0.0,,,,2026-02-22,,,-1
148,Listed,"flared, Japan Style",Denim,,A,,Creed Vintage (Fleek),11.39,0.0,0.0,,,,2026-02-16,,,-1
151,Listed,"flared, Japan Style",Denim,,A,,Creed Vintage (Fleek),11.39,0.0,0.0,,,,2026-02-25,,,-1
153,Listed,"flared, Japan Style",Denim,,A,,Creed Vintage (Fleek),11.39,0.0,0.0,,,,2026-02-25,,,-1
156,Listed,"flared, Japan Style",Denim,,A,,Creed Vintage (Fleek),11.39,0.0,0.0,,,,2026-02-27,,,-1
157,Listed,"flared, Japan Style",Denim,,A,,Creed Vintage (Fleek),11.39,0.0,0.0,,,,2026-02-27,,,-1
159,Listed,"flared, Japan Style",Denim,,A,,Creed Vintage (Fleek),11.39,0.0,0.0,,,,2026-02-27,,,-1
160,Listed,"flared, Japan Style",Denim,,A,,Creed Vintage (Fleek),11.39,0.0,0.0,,,,2026-02-27,,,-1
163,Listed,"flared, Japan Style",Denim,,A,,Creed Vintage (Fleek),11.39,0.0,0.0,,,,2026-02-27,,,-1
165,Listed,"flared, Japan Style",Denim,,A,,Creed Vintage (Fleek),11.39,0.0,0.0,,,,2026-03-01,,,-1
166,Listed,"flared, Japan Style",Denim,,A,,Creed Vintage (Fleek),11.39,0.0,0.0,,,,2026-03-01,,,-1
167,Listed,"flared, Japan Style",Denim,,A,,Creed Vintage (Fleek),11.39,0.0,0.0,,,,2026-03-01,,,-1
168,Listed,"flared, Japan Style",Denim,,A,,Creed Vintage (Fleek),11.39,0.0,0.0,,,,2026-03-01,,,-1
172,Listed,"flared, Japan Style",Denim,,A,,Creed Vintage (Fleek),11.39,0.0,0.0,,,,2026-03-03,,,-1
176,Listed,"flared, Japan Style",Denim,,A,,Fabtex Vintage (Fleek),11.39,0.0,0.0,,,,2026-03-03,,,-1
178,Listed,"flared, Japan Style",Denim,,A,,Fabtex Vintage (Fleek),11.39,0.0,0.0,,,,2026-03-04,,,-1
180,Listed,"flared, Japan Style",Denim,,A,,IR Thrifty Vintage (Fleek),14.11,0.0,0.0,,,,2026-03-03,,,-1
181,Listed,"flared, Japan Style",Denim,,A,,IR Thrifty Vintage (Fleek),14.11,0.0,0.0,,,,2026-03-03,,,-1
182,Listed,"flared, Japan Style",Denim,,A,,IR Thrifty Vintage (Fleek),14.11,0.0,0.0,,,,2026-03-03,,,-1
184,Listed,"flared, Japan Style",Denim,,A,,IR Thrifty Vintage (Fleek),14.11,0.0,0.0,,,,2026-03-03,,,-1
186,Listed,"flared, Japan Style",Denim,,A,,IR Thrifty Vintage (Fleek),14.11,0.0,0.0,,,,2026-03-03,,,-1
188,Listed,"flared, Japan Style",Denim,,A,,IR Thrifty Vintage (Fleek),14.11,0.0,0.0,,,,2026-03-03,,,-1
191,Listed,"flared, Japan Style",Denim,,A,,vintage libary (Fleek),14.11,0.0,0.0,,,,2026-03-13,,,-1
192,Listed,"flared, Japan Style",Denim,,A,,vintage libary (Fleek),14.11,0.0,0.0,,,,2026-03-05,,,-1
193,Listed,"flared, Japan Style",Denim,,A,,vintage libary (Fleek),14.11,0.0,0.0,,,,2026-03-05,,,-1
199,Listed,True Religon,Denim,,A,,Creed Vintage (Fleek),30.2,0.0,0.0,,,,2026-03-22,,,-1
203,Listed,True Religon,Denim,,A,,Creed Vintage (Fleek),30.2,0.0,0.0,,,,2026-03-30,,,-1
208,Listed,True Religon,Denim,,A,,Creed Vintage (Fleek),30.2,0.0,0.0,,,,2026-03-31,,,-1
212,Listed,True Religon,Denim,,A,,Creed Vintage (Fleek),30.2,0.0,0.0,,,,2026-03-31,,,-1
213,Listed,True Religon,Denim,,A,,Creed Vintage (Fleek),30.2,0.0,2.56,,,,2026-03-31,,,-1
245,Listed,True Religon,Denim,,A,,Creed Vintage (Fleek),30.45,0.0,0.0,,,,2026-03-31,,,-1
246,Listed,True Religon,Denim,,A,,Creed Vintage (Fleek),30.45,0.0,0.0,,,,2026-03-31,,,-1
247,Listed,True Religon,Denim,,A,,Creed Vintage (Fleek),30.45,0.0,0.0,,,,2026-04-01,,,-1
248,Listed,True Religon,Denim,,A,,Creed Vintage (Fleek),30.45,0.0,0.0,,,,2026-04-01,,,-1
249,Listed,True Religon,Denim,,A,,Creed Vintage (Fleek),30.45,0.0,0.0,,,,2026-04-01,,,-1
1222,Listed,True Religon,Denim,,C,,AMR Thrifty Vintage (Fleek),12.76,0.0,0.0,,,,2026-02-24,,,-1
9,Sold,Vintage Dressing,Gürtel,,C,,Trade Vintage (Fleek),4.2,9.99,0.0,5.79,5.79,137.85714285714286,2026-01-11,2026-01-11,,-1
12,Sold,Vintage Dressing,Gürtel,,C,,Trade Vintage (Fleek),4.2,6.99,0.0,2.79,2.79,66.42857142857143,2026-01-11,2026-01-12,,-1
13,Sold,Vintage Dressing,Gürtel,,C,,Trade Vintage (Fleek),4.2,6.29,0.0,2.09,2.09,49.76190476190476,2026-01-11,2026-01-12,,-1
17,Sold,Vintage Dressing,Gürtel,,C,,Trade Vintage (Fleek),4.2,6.29,0.0,2.09,2.09,49.76190476190476,2026-01-11,2026-01-11,,-1
18,Sold,Vintage Dressing,Gürtel,,C,,Trade Vintage (Fleek),4.2,6.99,0.0,2.79,2.79,66.42857142857143,2026-01-11,2026-01-11,,-1
19,Sold,Vintage Dressing,Gürtel,,C,,Trade Vintage (Fleek),4.2,6.29,0.0,2.09,2.09,49.76190476190476,2026-01-11,2026-01-12,,-1
20,Sold,Vintage Dressing,Gürtel,,C,,Trade Vintage (Fleek),4.2,6.29,0.0,2.09,2.09,49.76190476190476,2026-01-11,2026-01-12,,-1
22,Sold,Vintage Dressing,Gürtel,,C,,Trade Vintage (Fleek),4.2,6.99,0.0,2.79,2.79,66.42857142857143,2026-01-11,2026-01-12,,-1
23,Sold,Vintage Dressing,Gürtel,,C,,Trade Vintage (Fleek),4.2,14.99,0.0,10.79,10.79,256.90476190476187,2026-01-11,2026-01-15,,-1
26,Sold,Vintage Dressing,Gürtel,,C,,Trade Vintage (Fleek),4.2,9.99,0.0,5.79,5.79,137.85714285714286,2026-01-11,2026-01-15,,-1
27,Sold,Vintage Dressing,Gürtel,,C,,Trade Vintage (Fleek),4.2,12.99,0.0,8.79,8.79,209.28571428571425,2026-02-01,2026-02-13,,-1
28,Sold,Vintage Dressing,Gürtel,,C,,Trade Vintage (Fleek),4.2,9.99,0.0,5.79,5.79,137.85714285714286,2026-01-11,2026-01-17,,-1
29,Sold,Vintage Dressing,Gürtel,,C,,Trade Vintage (Fleek),4.2,9.99,0.0,5.79,5.79,137.85714285714286,2026-01-06,2026-01-17,,-1
30,Sold,Levis,Denim,,A,,Vibe Vintage (Fleek),6.5,9.99,0.0,3.49,3.49,53.69230769230769,2026-01-06,2026-01-13,,-1
31,Sold,Levis,Denim,,A,,Vibe Vintage (Fleek),6.5,12.99,0.0,6.49,6.49,99.84615384615385,2026-01-06,2026-01-11,,-1
32,Sold,Levis,Denim,,A,,Vibe Vintage (Fleek),6.5,8.49,0.0,1.9900000000000002,1.9900000000000002,30.615384615384617,2026-01-06,2026-01-11,,-1
33,Sold,Levis,Denim,,A,,Vibe Vintage (Fleek),6.5,8.49,0.0,1.9900000000000002,1.9900000000000002,30.615384615384617,2026-01-06,2026-01-13,,-1
34,Sold,Levis,Denim,,A,,Vibe Vintage (Fleek),6.5,8.49,0.0,1.9900000000000002,1.9900000000000002,30.615384615384617,2026-01-06,2026-01-11,,-1
35,Sold,Levis,Denim,,A,,Vibe Vintage (Fleek),6.5,8.49,0.0,1.9900000000000002,1.9900000000000002,30.615384615384617,2026-01-06,2026-01-14,,-1
36,Sold,Levis,Denim,,A,,Vibe Vintage (Fleek),6.5,9.99,0.0,3.49,3.49,53.69230769230769,2026-01-06,2026-01-06,,-1
37,Sold,Levis,Denim,,A,,Vibe Vintage (Fleek),6.5,7.64,0.0,1.1399999999999997,1.1399999999999997,17.538461538461533,2026-01-06,2026-01-11,,-1
38,Sold,Levis,Denim,,A,,Vibe Vintage (Fleek),6.5,7.64,0.0,1.1399999999999997,1.1399999999999997,17.538461538461533,2026-01-06,2026-01-11,,-1
41,Sold,True Religon,Denim,,A,,Elegant Vintage (Fleek),22.8,45.0,0.0,22.2,22.2,97.36842105263158,2026-01-06,2026-01-06,,-1
42,Sold,True Religon,Denim,,A,,Elegant Vintage (Fleek),22.8,39.99,0.0,17.19,17.19,75.39473684210527,2026-01-06,2026-01-11,,-1
43,Sold,True Religon,Denim,,A,,Elegant Vintage (Fleek),22.8,49.99,1.89,27.19,25.3,110.96491228070175,2026-01-06,2026-01-14,,-1
44,Sold,True Religon,Denim,,A,,Elegant Vintage (Fleek),22.8,40.0,0.0,17.2,17.2,75.43859649122805,2026-01-06,2026-01-06,,-1
45,Sold,True Religon,Denim,,A,,Elegant Vintage (Fleek),22.8,46.0,1.89,23.2,21.31,93.46491228070175,2026-01-06,2026-01-12,,-1
46,Sold,True Religon,Denim,,A,,Elegant Vintage (Fleek),22.8,39.99,0.0,17.19,17.19,75.39473684210527,2026-01-06,2026-01-06,,-1
47,Sold,True Religon,Denim,,A,,Elegant Vintage (Fleek),22.8,32.0,0.0,9.2,9.2,40.35087719298245,2026-01-06,2026-01-06,,-1
52,Sold,"y2k, flared, bootcut",Denim,,A,,AMR Thrifty Vintage (Fleek),7.57,19.0,0.0,11.43,11.43,150.9907529722589,2026-01-20,2026-01-22,,-1
55,Sold,"y2k, flared, bootcut",Denim,,A,,AMR Thrifty Vintage (Fleek),7.57,14.99,0.0,7.42,7.42,98.01849405548217,2026-02-01,2026-03-05,,-1
59,Sold,"y2k, flared, bootcut",Denim,,A,,AMR Thrifty Vintage (Fleek),7.57,17.99,0.0,10.419999999999998,10.419999999999998,137.6486129458388,2026-02-01,2026-02-02,,-1
60,Sold,"y2k, flared, bootcut",Denim,,A,,AMR Thrifty Vintage (Fleek),7.57,19.99,0.0,12.419999999999998,12.419999999999998,164.06869220607658,2026-02-16,2026-02-16,,-1
62,Sold,Asap Rocky,Vinyl,,A,,anders,52.43,79.0,16.07,26.57,10.5,20.026702269692926,2026-01-27,2026-01-30,,-1
63,Sold,Asap Rocky,Vinyl,,A,,anders,52.43,75.0,12.0,22.57,10.57,20.160213618157545,2026-02-01,2026-02-07,,-1
66,Sold,True Religon,Denim,,A,,Vintage Bliss (Fleek),12.51,19.99,0.0,7.479999999999999,7.479999999999999,59.7921662669864,2026-02-11,2026-03-10,,-1
68,Sold,True Religon,Denim,,A,,Vintage Bliss (Fleek),12.51,17.99,0.0,5.479999999999999,5.479999999999999,43.804956035171855,2026-02-11,2026-02-16,,-1
69,Sold,True Religon,Denim,,C,,Vintage Bliss (Fleek),12.51,23.5,0.0,10.99,10.99,87.84972022382095,2026-02-11,2026-02-14,,-1
70,Sold,True Religon,Denim,,B,,Vintage Bliss (Fleek),12.51,28.99,0.0,16.479999999999997,16.479999999999997,131.73461231015187,2026-02-16,2026-02-16,,-1
73,Sold,True Religon,Denim,,A,,Vintage Bliss (Fleek),12.51,23.5,0.0,10.99,10.99,87.84972022382095,2026-02-16,2026-02-16,,-1
75,Sold,True Religon,Denim,,C,,Vintage Bliss (Fleek),12.51,22.0,0.0,9.49,9.49,75.85931254996004,2026-02-16,2026-02-25,,-1
76,Sold,True Religon,Denim,,A,,Vintage Bliss (Fleek),12.51,14.99,0.0,2.4800000000000004,2.4800000000000004,19.824140687450043,2026-02-22,2026-02-23,,-1
78,Sold,True Religon,Denim,,C,,Vintage Bliss (Fleek),12.51,22.0,0.0,9.49,9.49,75.85931254996004,2026-02-10,2026-02-27,,-1
79,Sold,True Religon,Denim,,C,,Vintage Bliss (Fleek),12.51,27.99,0.0,15.479999999999999,15.479999999999999,123.74100719424459,2026-02-23,2026-02-23,,-1
82,Sold,True Religon,Denim,,B,,Vintage Bliss (Fleek),12.51,17.24,0.0,4.729999999999999,4.729999999999999,37.8097521982414,2026-02-22,2026-02-23,,-1
83,Sold,True Religon,Denim,,A,,Vintage Bliss (Fleek),12.51,19.99,0.0,7.479999999999999,7.479999999999999,59.7921662669864,2026-02-23,2026-02-23,,-1
85,Sold,True Religon,Denim,,A,,Diamond Vintage (Fleek),18.16,42.99,0.0,24.830000000000002,24.830000000000002,136.72907488986786,2026-02-10,2026-04-02,,-1
86,Sold,True Religon,Denim,,A,,Diamond Vintage (Fleek),18.16,19.99,0.0,1.8299999999999983,1.8299999999999983,10.077092511013207,2026-02-10,2026-02-28,,-1
88,Sold,"True Religon, flared",Denim,,A,,Diamond Vintage (Fleek),18.16,35.0,0.0,16.84,16.84,92.73127753303964,2026-02-03,2026-02-03,,-1
89,Sold,True Religon,Denim,,A,,Diamond Vintage (Fleek),18.16,39.99,0.0,21.830000000000002,21.830000000000002,120.20925110132158,2026-02-02,2026-02-28,,-1
90,Sold,True Religon,Denim,,A,,Diamond Vintage (Fleek),18.16,29.99,0.0,11.829999999999998,11.829999999999998,65.14317180616739,2026-02-02,2026-02-19,,-1
94,Sold,True Religon,Denim,,A,,Diamond Vintage (Fleek),18.16,26.5,0.0,8.34,8.34,45.925110132158586,2026-02-10,2026-02-19,,-1
95,Sold,True Religon,Denim,,A,,Diamond Vintage (Fleek),18.16,19.79,0.0,1.629999999999999,1.629999999999999,8.975770925110126,2026-02-10,2026-02-16,,-1
96,Sold,Miss Me,Denim,,A,,AMR Thrifty Vintage (Fleek),12.76,20.5,0.0,7.74,7.74,60.658307210031346,2026-02-05,2026-02-05,,-1
97,Sold,"Miss Me, verziehrt",Denim,,A,,AMR Thrifty Vintage (Fleek),12.76,23.5,0.0,10.74,10.74,84.1692789968652,2026-02-05,2026-02-05,,-1
98,Sold,"Miss Me, verziehrt",Denim,,C,,AMR Thrifty Vintage (Fleek),12.76,19.99,0.0,7.229999999999999,7.229999999999999,56.66144200626958,2026-02-05,2026-02-05,,-1
100,Sold,Miss Me,Denim,,B,,AMR Thrifty Vintage (Fleek),12.76,20.69,0.0,7.9300000000000015,7.9300000000000015,62.147335423197504,2026-02-03,2026-02-16,,-1
101,Sold,"Miss Me, verziehrt, flared",Denim,,A,,AMR Thrifty Vintage (Fleek),12.76,34.99,0.0,22.230000000000004,22.230000000000004,174.21630094043888,2026-02-03,2026-02-03,,-1
102,Sold,Rock Revival,Denim,,A,,AMR Thrifty Vintage (Fleek),12.76,14.99,0.0,2.2300000000000004,2.2300000000000004,17.47648902821317,2026-02-03,2026-02-23,,-1
104,Sold,"Rock Revival, flared",Denim,,A,,AMR Thrifty Vintage (Fleek),12.76,29.99,0.0,17.229999999999997,17.229999999999997,135.03134796238243,2026-02-03,2026-02-03,,-1
105,Sold,"Miss Me, verziehrt",Denim,,A,,AMR Thrifty Vintage (Fleek),12.76,34.0,0.0,21.240000000000002,21.240000000000002,166.4576802507837,2026-02-05,2026-02-05,,-1
106,Sold,Miss Me,Denim,,A,,AMR Thrifty Vintage (Fleek),12.76,22.49,0.0,9.729999999999999,9.729999999999999,76.2539184952978,2026-02-16,2026-02-16,,-1
107,Sold,"Miss Me, flared",Denim,,A,,AMR Thrifty Vintage (Fleek),12.76,29.99,0.0,17.229999999999997,17.229999999999997,135.03134796238243,2026-02-03,2026-02-05,,-1
108,Sold,,Denim,,A,,AMR Thrifty Vintage (Fleek),12.76,29.99,0.0,17.229999999999997,17.229999999999997,135.03134796238243,2026-02-23,2026-03-16,,-1
109,Sold,"Miss Me, flared",Denim,,A,,AMR Thrifty Vintage (Fleek),12.76,33.0,0.0,20.240000000000002,20.240000000000002,158.62068965517244,2026-02-05,2026-02-05,,-1
110,Sold,True Religon,Denim,,A,,AMR Thrifty Vintage (Fleek),12.76,25.0,0.0,12.24,12.24,95.92476489028213,2026-02-22,2026-02-22,,-1
111,Sold,Miss Me,Denim,,A,,AMR Thrifty Vintage (Fleek),12.76,18.74,0.0,5.979999999999999,5.979999999999999,46.865203761755474,2026-02-22,2026-02-23,,-1
112,Sold,True Religon,Denim,,A,,AMR Thrifty Vintage (Fleek),12.76,15.5,0.0,2.74,2.74,21.473354231974923,2026-02-22,2026-03-20,,-1
113,Sold,True Religon,Denim,,A,,AMR Thrifty Vintage (Fleek),12.76,20.5,0.0,7.74,7.74,60.658307210031346,2026-02-05,2026-02-05,,-1
114,Sold,"True Religon, verziehrt",Denim,,C,,AMR Thrifty Vintage (Fleek),12.76,20.0,0.0,7.24,7.24,56.73981191222571,2026-02-05,2026-03-01,,-1
115,Sold,True Religon,Denim,,A,,AMR Thrifty Vintage (Fleek),12.76,34.99,0.0,22.230000000000004,22.230000000000004,174.21630094043888,2026-02-05,2026-02-05,,-1
118,Sold,True Religon,Denim,,A,,AMR Thrifty Vintage (Fleek),12.76,21.99,0.0,9.229999999999999,9.229999999999999,72.33542319749216,2026-02-23,2026-03-20,,-1
120,Sold,True Religon,Denim,,B,,AMR Thrifty Vintage (Fleek),12.76,23.74,0.0,10.979999999999999,10.979999999999999,86.0501567398119,2026-02-24,2026-03-13,,-1
121,Sold,True Religon,Denim,,A,,AMR Thrifty Vintage (Fleek),12.76,35.99,0.0,23.230000000000004,23.230000000000004,182.05329153605018,2026-02-05,2026-02-05,,-1
124,Sold,True Religon,Denim,,A,,AMR Thrifty Vintage (Fleek),12.76,35.99,0.0,23.230000000000004,23.230000000000004,182.05329153605018,2026-02-05,2026-02-05,,-1
125,Sold,,Denim,,A,,AMR Thrifty Vintage (Fleek),12.76,22.99,0.0,10.229999999999999,10.229999999999999,80.17241379310343,2026-02-24,2026-02-28,,-1
126,Sold,True Religon,Denim,,A,,AMR Thrifty Vintage (Fleek),12.76,18.74,0.0,5.979999999999999,5.979999999999999,46.865203761755474,2026-02-22,2026-02-23,,-1
129,Sold,realtree,Hose anders,,B,,Vintage Bliss (Fleek),11.55,23.74,0.0,12.189999999999998,12.189999999999998,105.54112554112551,2026-02-06,2026-03-13,,-1
131,Sold,realtree,Hose anders,,B,,Vintage Bliss (Fleek),11.55,19.99,0.0,8.439999999999998,8.439999999999998,73.07359307359305,2026-02-06,2026-02-16,,-1
132,Sold,realtree,Hose anders,,B,,Vintage Bliss (Fleek),11.55,19.99,0.0,8.439999999999998,8.439999999999998,73.07359307359305,2026-02-06,2026-02-10,,-1
133,Sold,realtree,Hose anders,,B,,Vintage Bliss (Fleek),11.55,21.0,0.0,9.45,9.45,81.81818181818181,2026-02-06,2026-02-13,,-1
134,Sold,realtree,Hose anders,,B,,Vintage Bliss (Fleek),11.55,18.0,0.0,6.449999999999999,6.449999999999999,55.84415584415583,2026-03-12,2026-03-22,,-1
135,Sold,realtree,Hose anders,,B,,Vintage Bliss (Fleek),11.55,21.0,2.39,9.45,7.059999999999999,61.125541125541105,2026-03-20,2026-03-21,,-1
136,Sold,realtree,Hose anders,,B,,Vintage Bliss (Fleek),11.55,15.99,0.0,4.4399999999999995,4.4399999999999995,38.441558441558435,2026-02-06,2026-03-31,,-1
137,Sold,Asap Rocky,Vinyl,,A,,anders,31.9,60.0,15.11,28.1,12.990000000000002,40.72100313479625,2026-01-27,2026-01-29,,-1
139,Sold,"flared, Japan Style",Denim,,B,,Retro thrift store (Fleek),11.39,34.99,0.0,23.6,23.6,207.19929762949957,2026-02-21,2026-02-23,,-1
144,Sold,"flared, Japan Style",Denim,,A,,Retro thrift store (Fleek),11.39,19.99,0.0,8.599999999999998,8.599999999999998,75.5048287971905,2026-02-22,2026-02-22,,-1
145,Sold,"flared, Japan Style",Denim,,A,,Retro thrift store (Fleek),11.39,24.99,0.0,13.599999999999998,13.599999999999998,119.40298507462683,2026-02-22,2026-02-28,,-1
146,Sold,"flared, Japan Style",Denim,,B,,Retro thrift store (Fleek),11.39,24.99,0.0,13.599999999999998,13.599999999999998,119.40298507462683,2026-02-22,2026-03-08,,-1
149,Sold,"flared, Japan Style",Denim,,B,,Creed Vintage (Fleek),11.39,24.0,0.0,12.61,12.61,110.71115013169445,2026-02-16,2026-02-16,,-1
150,Sold,"flared, Japan Style",Denim,,A,,Creed Vintage (Fleek),11.39,25.5,0.0,14.11,14.11,123.88059701492536,2026-02-25,2026-03-20,,-1
152,Sold,"flared, Japan Style",Denim,,A,,Creed Vintage (Fleek),11.39,23.0,0.0,11.61,11.61,101.93151887620719,2026-02-25,2026-03-02,,-1
154,Sold,"flared, Japan Style",Denim,,A,,Creed Vintage (Fleek),11.39,27.0,0.0,15.61,15.61,137.05004389815628,2026-02-25,2026-03-14,,-1
155,Sold,"flared, Japan Style",Denim,,A,,Creed Vintage (Fleek),11.39,21.0,0.0,9.61,9.61,84.37225636523266,2026-02-25,2026-03-01,,-1
158,Sold,"flared, Japan Style",Denim,,A,,Creed Vintage (Fleek),11.39,21.99,0.0,10.599999999999998,10.599999999999998,93.06409130816503,2026-02-27,2026-02-27,,-1
161,Sold,"flared, Japan Style",Denim,,A,,Creed Vintage (Fleek),11.39,21.99,0.0,10.599999999999998,10.599999999999998,93.06409130816503,2026-02-27,2026-02-28,,-1
162,Sold,"flared, Japan Style",Denim,,A,,Creed Vintage (Fleek),11.39,25.0,0.0,13.61,13.61,119.49078138718173,2026-02-27,2026-02-28,,-1
164,Sold,"flared, Japan Style",Denim,,A,,Creed Vintage (Fleek),11.39,23.5,0.0,12.11,12.11,106.32133450395082,2026-03-01,2026-03-05,,-1
169,Sold,"flared, Japan Style",Denim,,A,,Creed Vintage (Fleek),11.39,21.0,0.0,9.61,9.61,84.37225636523266,2026-03-01,2026-03-02,,-1
170,Sold,"flared, Japan Style",Denim,,A,,Creed Vintage (Fleek),11.39,18.99,0.0,7.599999999999998,7.599999999999998,66.72519754170322,2026-03-03,2026-03-04,,-1
171,Sold,"flared, Japan Style",Denim,,A,,Creed Vintage (Fleek),11.39,19.99,0.0,8.599999999999998,8.599999999999998,75.5048287971905,2026-03-03,2026-03-03,,-1
173,Sold,"flared, Japan Style",Denim,,A,,RVG Loop (Fleek),11.39,14.99,0.0,3.5999999999999996,3.5999999999999996,31.606672519754163,2026-03-03,2026-03-03,,-1
174,Sold,"flared, Japan Style",Denim,,A,,Fabtex Vintage (Fleek),11.39,22.99,0.0,11.599999999999998,11.599999999999998,101.8437225636523,2026-03-03,2026-03-06,,-1
175,Sold,"flared, Japan Style",Denim,,A,,Fabtex Vintage (Fleek),11.39,22.99,0.0,11.599999999999998,11.599999999999998,101.8437225636523,2026-03-03,2026-03-06,,-1
177,Sold,"flared, Japan Style",Denim,,A,,Fabtex Vintage (Fleek),11.39,20.99,0.0,9.599999999999998,9.599999999999998,84.28446005267777,2026-03-04,2026-03-05,,-1
179,Sold,"flared, Japan Style",Denim,,A,,TheVintageLux (Fleek),14.11,28.99,0.0,14.879999999999999,14.879999999999999,105.45712260807937,2026-03-03,2026-03-22,,-1
183,Sold,Levis,Denim,,A,,IR Thrifty Vintage (Fleek),14.11,24.99,0.0,10.879999999999999,10.879999999999999,77.10843373493975,2026-03-03,2026-03-04,,-1
185,Sold,"flared, Japan Style",Denim,,A,,IR Thrifty Vintage (Fleek),14.11,24.99,0.0,10.879999999999999,10.879999999999999,77.10843373493975,2026-03-03,2026-03-08,,-1
187,Sold,"flared, Japan Style",Denim,,A,,IR Thrifty Vintage (Fleek),14.11,24.11,0.0,10.0,10.0,70.87172218284906,2026-03-03,2026-03-03,,-1
189,Sold,"flared, Japan Style",Denim,,A,,Retroesthetic (Fleek),14.11,19.99,0.0,5.879999999999999,5.879999999999999,41.67257264351523,2026-03-09,2026-03-09,,-1
190,Sold,"flared, Japan Style",Denim,,A,,Retroesthetic (Fleek),14.11,19.99,0.0,5.879999999999999,5.879999999999999,41.67257264351523,2026-03-09,2026-03-13,,-1
194,Sold,"flared, Japan Style",Denim,,A,,vintage libary (Fleek),14.11,23.0,0.0,8.89,8.89,63.004961020552805,2026-03-06,2026-03-06,,-1
195,Sold,"flared, Japan Style",Denim,,A,,Italian Dream (Fleek),14.11,19.99,0.0,5.879999999999999,5.879999999999999,41.67257264351523,2026-03-09,2026-03-23,,-1
196,Sold,Baby Keem,Ticket,,,,,65.0,70.0,0.0,5.0,5.0,7.6923076923076925,2026-02-21,2026-02-24,,-1
197,Sold,Baby Keem,Ticket,,,,,65.0,94.0,0.0,29.0,29.0,44.61538461538462,2026-02-21,2026-03-21,,-1
200,Sold,True Religon,Denim,,A,,Creed Vintage (Fleek),30.2,39.99,0.0,9.790000000000003,9.790000000000003,32.41721854304637,2026-03-22,2026-03-23,,-1
201,Sold,True Religon,Denim,,A,,Creed Vintage (Fleek),30.2,46.0,0.0,15.8,15.8,52.317880794701985,2026-03-30,2026-03-31,,-1
202,Sold,True Religon,Denim,,A,,Creed Vintage (Fleek),30.2,49.99,0.0,19.790000000000003,19.790000000000003,65.52980132450332,2026-03-30,2026-03-30,,-1
204,Sold,True Religon,Denim,,A,,Creed Vintage (Fleek),30.2,39.99,0.0,9.790000000000003,9.790000000000003,32.41721854304637,2026-03-30,2026-03-30,,-1
205,Sold,True Religon,Denim,,A,,Creed Vintage (Fleek),30.2,37.99,0.0,7.790000000000003,7.790000000000003,25.794701986754976,2026-03-30,2026-03-30,,-1
206,Sold,True Religon,Denim,,A,,Creed Vintage (Fleek),30.2,44.99,0.0,14.790000000000003,14.790000000000003,48.97350993377484,2026-03-30,2026-03-31,,-1
207,Sold,True Religon,Denim,,A,,Creed Vintage (Fleek),30.2,49.99,0.0,19.790000000000003,19.790000000000003,65.52980132450332,2026-03-30,2026-04-01,,-1
209,Sold,True Religon,Denim,,A,,Creed Vintage (Fleek),30.2,42.5,0.0,12.3,12.3,40.728476821192054,2026-03-31,2026-03-31,,-1
210,Sold,True Religon,Denim,,A,,Creed Vintage (Fleek),30.2,39.0,0.0,8.8,8.8,29.139072847682122,2026-04-01,2026-04-02,,-1
211,Sold,True Religon,Denim,,A,,Creed Vintage (Fleek),30.2,49.99,0.0,19.790000000000003,19.790000000000003,65.52980132450332,2026-03-31,2026-04-01,,-1
244,Sold,True Religon,Denim,,A,,Creed Vintage (Fleek),30.45,44.99,0.0,14.540000000000003,14.540000000000003,47.75041050903121,2026-03-31,2026-03-31,,-1
250,Sold,True Religon,Denim,,A,,Creed Vintage (Fleek),30.45,45.0,0.0,14.55,14.55,47.783251231527096,2026-04-01,2026-04-02,,-1
10,Cancelled,Vintage Dressing,Gürtel,,C,,Trade Vintage (Fleek),4.2,0.0,0.0,,,,,,2026-04-03,-1
11,Cancelled,Vintage Dressing,Gürtel,,C,,Trade Vintage (Fleek),4.2,0.0,0.0,,,,,,2026-04-03,-1
14,Cancelled,Vintage Dressing,Gürtel,,C,,Trade Vintage (Fleek),4.2,0.0,0.0,,,,,,2026-04-03,-1
15,Cancelled,Vintage Dressing,Gürtel,,C,,Trade Vintage (Fleek),4.2,0.0,0.0,,,,,,2026-04-03,-1
16,Cancelled,Vintage Dressing,Gürtel,,C,,Trade Vintage (Fleek),4.2,0.0,0.0,,,,,,2026-04-03,-1
21,Cancelled,Vintage Dressing,Gürtel,,C,,Trade Vintage (Fleek),4.2,0.0,0.0,,,,,,2026-04-03,-1
25,Cancelled,Vintage Dressing,Gürtel,,C,,Trade Vintage (Fleek),4.2,0.0,0.0,,,,,,2026-04-03,-1
1223,In Shipping,,Denim,,,,5th Era Thrift (Fleek),10.0,0.0,0.0,,,,,,,1
1224,In Shipping,,Denim,,,,5th Era Thrift (Fleek),10.0,0.0,0.0,,,,,,,1
1225,In Shipping,,Denim,,,,5th Era Thrift (Fleek),10.0,0.0,0.0,,,,,,,1
1226,In Shipping,,Denim,,,,5th Era Thrift (Fleek),10.0,0.0,0.0,,,,,,,1
1227,In Shipping,,Denim,,,,5th Era Thrift (Fleek),10.0,0.0,0.0,,,,,,,1
1228,In Shipping,,Denim,,,,5th Era Thrift (Fleek),10.0,0.0,0.0,,,,,,,1
1229,In Shipping,,Denim,,,,5th Era Thrift (Fleek),10.0,0.0,0.0,,,,,,,1
1230,In Shipping,,Denim,,,,5th Era Thrift (Fleek),10.0,0.0,0.0,,,,,,,1
1231,In Shipping,,Denim,,,,5th Era Thrift (Fleek),10.0,0.0,0.0,,,,,,,1
1232,In Shipping,,Denim,,,,5th Era Thrift (Fleek),10.0,0.0,0.0,,,,,,,1
